› Port 8081 is being used by another process
Input is required, but 'npx expo' is in non-interactive mode.
Required input:
> Use port 8082 instead?
› Skipping dev server
› Building app...
Configuration on demand is an incubating feature.
> Task :gradle-plugin:settings-plugin:checkKotlinGradlePluginConfigurationErrors
> Task :gradle-plugin:settings-plugin:pluginDescriptors UP-TO-DATE
> Task :gradle-plugin:settings-plugin:processResources
> Task :gradle-plugin:settings-plugin:compileKotlin
> Task :gradle-plugin:settings-plugin:compileJava NO-SOURCE
> Task :gradle-plugin:settings-plugin:classes
> Task :gradle-plugin:settings-plugin:jar
> Task :gradle-plugin:react-native-gradle-plugin:checkKotlinGradlePluginConfigurationErrors
> Task :gradle-plugin:react-native-gradle-plugin:pluginDescriptors UP-TO-DATE
> Task :gradle-plugin:react-native-gradle-plugin:processResources
> Task :gradle-plugin:react-native-gradle-plugin:compileKotlin
> Task :gradle-plugin:react-native-gradle-plugin:compileJava NO-SOURCE
> Task :gradle-plugin:react-native-gradle-plugin:classes
> Task :gradle-plugin:react-native-gradle-plugin:jar

> Configure project :expo

Using expo modules
  - [32mexpo-asset[0m (10.0.10)
  - [32mexpo-camera[0m (15.0.16)
  - [32mexpo-constants[0m (16.0.2)
  - [32mexpo-file-system[0m (17.0.1)
  - [32mexpo-font[0m (12.0.10)
  - [32mexpo-keep-awake[0m (13.0.2)
  - [32mexpo-modules-core[0m (1.12.26)
  - [32mexpo-secure-store[0m (13.0.2)
  - [32mexpo-splash-screen[0m (0.27.7)
  - [32mexpo-sqlite[0m (14.0.6)


> Configure project :react-native-vision-camera
[VisionCamera] Thank you for using VisionCamera ??
[VisionCamera] If you enjoy using VisionCamera, please consider sponsoring this project: https://github.com/sponsors/mrousavy
[VisionCamera] node_modules found at E:\Projet\TechWebM\App\LeafSense\Frontend\node_modules
[VisionCamera] VisionCamera_enableFrameProcessors is set to true!
[VisionCamera] react-native-worklets-core found, Frame Processors are enabled!
[VisionCamera] VisionCamera_enableCodeScanner is set to false!

> Task :app:generateCodegenSchemaFromJavaScript SKIPPED
> Task :app:generateCodegenArtifactsFromSchema SKIPPED
> Task :app:generatePackageList
> Task :app:preBuild
> Task :app:preDebugBuild
> Task :app:mergeDebugNativeDebugMetadata NO-SOURCE
> Task :app:checkKotlinGradlePluginConfigurationErrors
> Task :app:generateDebugBuildConfig UP-TO-DATE
> Task :expo:generateExpoModulesPackageListTask UP-TO-DATE
> Task :expo:preBuild UP-TO-DATE
> Task :expo:preDebugBuild UP-TO-DATE
> Task :expo:writeDebugAarMetadata UP-TO-DATE
> Task :expo-asset:preBuild UP-TO-DATE
> Task :expo-asset:preDebugBuild UP-TO-DATE
> Task :expo-asset:writeDebugAarMetadata UP-TO-DATE
> Task :expo-camera:preBuild UP-TO-DATE
> Task :expo-camera:preDebugBuild UP-TO-DATE
> Task :expo-camera:writeDebugAarMetadata UP-TO-DATE
> Task :expo-constants:createExpoConfig UP-TO-DATE
> Task :expo-constants:preBuild UP-TO-DATE
> Task :expo-constants:preDebugBuild UP-TO-DATE
> Task :expo-constants:writeDebugAarMetadata UP-TO-DATE
> Task :expo-file-system:preBuild UP-TO-DATE
> Task :expo-file-system:preDebugBuild UP-TO-DATE
> Task :expo-file-system:writeDebugAarMetadata UP-TO-DATE
> Task :expo-font:preBuild UP-TO-DATE
> Task :expo-font:preDebugBuild UP-TO-DATE
> Task :expo-font:writeDebugAarMetadata UP-TO-DATE
> Task :expo-keep-awake:preBuild UP-TO-DATE
> Task :expo-keep-awake:preDebugBuild UP-TO-DATE
> Task :expo-keep-awake:writeDebugAarMetadata UP-TO-DATE
> Task :expo-modules-core:preBuild UP-TO-DATE
> Task :expo-modules-core:preDebugBuild UP-TO-DATE
> Task :expo-modules-core:writeDebugAarMetadata UP-TO-DATE
> Task :expo-secure-store:preBuild UP-TO-DATE
> Task :expo-secure-store:preDebugBuild UP-TO-DATE
> Task :expo-secure-store:writeDebugAarMetadata UP-TO-DATE
> Task :expo-splash-screen:preBuild UP-TO-DATE
> Task :expo-splash-screen:preDebugBuild UP-TO-DATE
> Task :expo-splash-screen:writeDebugAarMetadata UP-TO-DATE
> Task :expo-sqlite:preBuild UP-TO-DATE
> Task :expo-sqlite:preDebugBuild UP-TO-DATE
> Task :expo-sqlite:writeDebugAarMetadata UP-TO-DATE
> Task :react-native-community_netinfo:preBuild UP-TO-DATE
> Task :react-native-community_netinfo:preDebugBuild UP-TO-DATE
> Task :react-native-community_netinfo:writeDebugAarMetadata UP-TO-DATE
> Task :react-native-fast-tflite:preBuild UP-TO-DATE
> Task :react-native-fast-tflite:preDebugBuild UP-TO-DATE
> Task :react-native-fast-tflite:writeDebugAarMetadata UP-TO-DATE
> Task :react-native-safe-area-context:preBuild UP-TO-DATE
> Task :react-native-safe-area-context:preDebugBuild UP-TO-DATE
> Task :react-native-safe-area-context:writeDebugAarMetadata UP-TO-DATE
> Task :react-native-screens:preBuild UP-TO-DATE
> Task :react-native-screens:preDebugBuild UP-TO-DATE
> Task :react-native-screens:writeDebugAarMetadata UP-TO-DATE
> Task :react-native-vision-camera:prepareHeaders UP-TO-DATE
> Task :react-native-vision-camera:preBuild UP-TO-DATE
> Task :react-native-vision-camera:preDebugBuild UP-TO-DATE
> Task :react-native-vision-camera:writeDebugAarMetadata UP-TO-DATE
> Task :react-native-worklets-core:prepareHeaders UP-TO-DATE
> Task :react-native-worklets-core:preBuild UP-TO-DATE
> Task :react-native-worklets-core:preDebugBuild UP-TO-DATE
> Task :react-native-worklets-core:writeDebugAarMetadata UP-TO-DATE
> Task :vision-camera-resize-plugin:preBuild UP-TO-DATE
> Task :vision-camera-resize-plugin:preDebugBuild UP-TO-DATE
> Task :vision-camera-resize-plugin:writeDebugAarMetadata UP-TO-DATE
> Task :app:checkDebugAarMetadata UP-TO-DATE
> Task :app:generateDebugResValues
> Task :expo:generateDebugResValues UP-TO-DATE
> Task :expo:generateDebugResources UP-TO-DATE
> Task :expo:packageDebugResources UP-TO-DATE
> Task :expo-asset:generateDebugResValues UP-TO-DATE
> Task :expo-asset:generateDebugResources UP-TO-DATE
> Task :expo-asset:packageDebugResources UP-TO-DATE
> Task :expo-camera:generateDebugResValues UP-TO-DATE
> Task :expo-camera:generateDebugResources UP-TO-DATE
> Task :expo-camera:packageDebugResources UP-TO-DATE
> Task :expo-constants:generateDebugResValues UP-TO-DATE
> Task :expo-constants:generateDebugResources UP-TO-DATE
> Task :expo-constants:packageDebugResources UP-TO-DATE
> Task :expo-file-system:generateDebugResValues UP-TO-DATE
> Task :expo-file-system:generateDebugResources UP-TO-DATE
> Task :expo-file-system:packageDebugResources UP-TO-DATE
> Task :expo-font:generateDebugResValues UP-TO-DATE
> Task :expo-font:generateDebugResources UP-TO-DATE
> Task :expo-font:packageDebugResources UP-TO-DATE
> Task :expo-keep-awake:generateDebugResValues UP-TO-DATE
> Task :expo-keep-awake:generateDebugResources UP-TO-DATE
> Task :expo-keep-awake:packageDebugResources UP-TO-DATE
> Task :expo-modules-core:generateDebugResValues UP-TO-DATE
> Task :expo-modules-core:generateDebugResources UP-TO-DATE
> Task :expo-modules-core:packageDebugResources UP-TO-DATE
> Task :expo-secure-store:generateDebugResValues UP-TO-DATE
> Task :expo-secure-store:generateDebugResources UP-TO-DATE
> Task :expo-secure-store:packageDebugResources UP-TO-DATE
> Task :expo-splash-screen:generateDebugResValues UP-TO-DATE
> Task :expo-splash-screen:generateDebugResources UP-TO-DATE
> Task :expo-splash-screen:packageDebugResources UP-TO-DATE
> Task :expo-sqlite:generateDebugResValues UP-TO-DATE
> Task :expo-sqlite:generateDebugResources UP-TO-DATE
> Task :expo-sqlite:packageDebugResources UP-TO-DATE
> Task :react-native-community_netinfo:generateDebugResValues UP-TO-DATE
> Task :react-native-community_netinfo:generateDebugResources UP-TO-DATE
> Task :react-native-community_netinfo:packageDebugResources UP-TO-DATE
> Task :react-native-fast-tflite:generateDebugResValues UP-TO-DATE
> Task :react-native-fast-tflite:generateDebugResources UP-TO-DATE
> Task :react-native-fast-tflite:packageDebugResources UP-TO-DATE
> Task :react-native-safe-area-context:generateDebugResValues UP-TO-DATE
> Task :react-native-safe-area-context:generateDebugResources UP-TO-DATE
> Task :react-native-safe-area-context:packageDebugResources UP-TO-DATE
> Task :react-native-screens:generateDebugResValues UP-TO-DATE
> Task :react-native-screens:generateDebugResources UP-TO-DATE
> Task :react-native-screens:packageDebugResources UP-TO-DATE
> Task :react-native-vision-camera:generateDebugResValues UP-TO-DATE
> Task :react-native-vision-camera:generateDebugResources UP-TO-DATE
> Task :react-native-vision-camera:packageDebugResources UP-TO-DATE
> Task :react-native-worklets-core:generateDebugResValues UP-TO-DATE
> Task :react-native-worklets-core:generateDebugResources UP-TO-DATE
> Task :react-native-worklets-core:packageDebugResources UP-TO-DATE
> Task :vision-camera-resize-plugin:generateDebugResValues UP-TO-DATE
> Task :vision-camera-resize-plugin:generateDebugResources UP-TO-DATE
> Task :vision-camera-resize-plugin:packageDebugResources UP-TO-DATE
> Task :app:mapDebugSourceSetPaths UP-TO-DATE
> Task :app:generateDebugResources
> Task :app:packageDebugResources
> Task :app:createDebugCompatibleScreenManifests UP-TO-DATE
> Task :app:extractDeepLinksDebug UP-TO-DATE
> Task :expo:extractDeepLinksDebug UP-TO-DATE
> Task :expo:processDebugManifest UP-TO-DATE
> Task :expo-asset:extractDeepLinksDebug UP-TO-DATE
> Task :app:parseDebugLocalResources
> Task :expo-asset:processDebugManifest UP-TO-DATE
> Task :expo-camera:extractDeepLinksDebug UP-TO-DATE
> Task :expo-camera:processDebugManifest UP-TO-DATE
> Task :expo-constants:extractDeepLinksDebug UP-TO-DATE
> Task :expo-constants:processDebugManifest UP-TO-DATE
> Task :expo-file-system:extractDeepLinksDebug UP-TO-DATE
> Task :app:mergeDebugResources
> Task :expo-file-system:processDebugManifest UP-TO-DATE
> Task :expo-font:extractDeepLinksDebug UP-TO-DATE
> Task :expo-font:processDebugManifest UP-TO-DATE
> Task :expo-keep-awake:extractDeepLinksDebug UP-TO-DATE
> Task :expo-keep-awake:processDebugManifest UP-TO-DATE
> Task :expo-modules-core:extractDeepLinksDebug UP-TO-DATE
> Task :expo-modules-core:processDebugManifest UP-TO-DATE
> Task :expo-secure-store:extractDeepLinksDebug UP-TO-DATE
> Task :expo-secure-store:processDebugManifest UP-TO-DATE
> Task :expo-splash-screen:extractDeepLinksDebug UP-TO-DATE
> Task :expo-splash-screen:processDebugManifest UP-TO-DATE
> Task :expo-sqlite:extractDeepLinksDebug UP-TO-DATE
> Task :expo-sqlite:processDebugManifest UP-TO-DATE
> Task :react-native-community_netinfo:extractDeepLinksDebug UP-TO-DATE
> Task :react-native-community_netinfo:processDebugManifest UP-TO-DATE
> Task :react-native-fast-tflite:extractDeepLinksDebug UP-TO-DATE
> Task :react-native-fast-tflite:processDebugManifest UP-TO-DATE
> Task :react-native-safe-area-context:extractDeepLinksDebug UP-TO-DATE
> Task :react-native-safe-area-context:processDebugManifest UP-TO-DATE
> Task :react-native-screens:extractDeepLinksDebug UP-TO-DATE
> Task :react-native-screens:processDebugManifest UP-TO-DATE
> Task :react-native-vision-camera:extractDeepLinksDebug UP-TO-DATE
> Task :react-native-vision-camera:processDebugManifest UP-TO-DATE
> Task :react-native-worklets-core:extractDeepLinksDebug UP-TO-DATE
> Task :react-native-worklets-core:processDebugManifest UP-TO-DATE
> Task :vision-camera-resize-plugin:extractDeepLinksDebug UP-TO-DATE
> Task :vision-camera-resize-plugin:processDebugManifest UP-TO-DATE
> Task :app:processDebugMainManifest UP-TO-DATE
> Task :app:processDebugManifest UP-TO-DATE
> Task :app:processDebugManifestForPackage UP-TO-DATE
> Task :expo:compileDebugLibraryResources UP-TO-DATE
> Task :expo:parseDebugLocalResources UP-TO-DATE
> Task :expo:generateDebugRFile UP-TO-DATE
> Task :expo-asset:compileDebugLibraryResources UP-TO-DATE
> Task :expo-asset:parseDebugLocalResources UP-TO-DATE
> Task :expo-asset:generateDebugRFile UP-TO-DATE
> Task :expo-camera:compileDebugLibraryResources UP-TO-DATE
> Task :expo-camera:parseDebugLocalResources UP-TO-DATE
> Task :expo-camera:generateDebugRFile UP-TO-DATE
> Task :expo-constants:compileDebugLibraryResources UP-TO-DATE
> Task :expo-constants:parseDebugLocalResources UP-TO-DATE
> Task :expo-constants:generateDebugRFile UP-TO-DATE
> Task :expo-file-system:compileDebugLibraryResources UP-TO-DATE
> Task :expo-file-system:parseDebugLocalResources UP-TO-DATE
> Task :expo-file-system:generateDebugRFile UP-TO-DATE
> Task :expo-font:compileDebugLibraryResources UP-TO-DATE
> Task :expo-font:parseDebugLocalResources UP-TO-DATE
> Task :expo-font:generateDebugRFile UP-TO-DATE
> Task :expo-keep-awake:compileDebugLibraryResources UP-TO-DATE
> Task :expo-keep-awake:parseDebugLocalResources UP-TO-DATE
> Task :expo-keep-awake:generateDebugRFile UP-TO-DATE
> Task :expo-modules-core:compileDebugLibraryResources UP-TO-DATE
> Task :expo-modules-core:parseDebugLocalResources UP-TO-DATE
> Task :expo-modules-core:generateDebugRFile UP-TO-DATE
> Task :expo-secure-store:compileDebugLibraryResources UP-TO-DATE
> Task :expo-secure-store:parseDebugLocalResources UP-TO-DATE
> Task :expo-secure-store:generateDebugRFile UP-TO-DATE
> Task :expo-splash-screen:compileDebugLibraryResources UP-TO-DATE
> Task :expo-splash-screen:parseDebugLocalResources UP-TO-DATE
> Task :expo-splash-screen:generateDebugRFile UP-TO-DATE
> Task :expo-sqlite:compileDebugLibraryResources UP-TO-DATE
> Task :expo-sqlite:parseDebugLocalResources UP-TO-DATE
> Task :expo-sqlite:generateDebugRFile UP-TO-DATE
> Task :react-native-community_netinfo:compileDebugLibraryResources UP-TO-DATE
> Task :react-native-community_netinfo:parseDebugLocalResources UP-TO-DATE
> Task :react-native-community_netinfo:generateDebugRFile UP-TO-DATE
> Task :react-native-fast-tflite:compileDebugLibraryResources UP-TO-DATE
> Task :react-native-fast-tflite:parseDebugLocalResources UP-TO-DATE
> Task :react-native-fast-tflite:generateDebugRFile UP-TO-DATE
> Task :react-native-safe-area-context:compileDebugLibraryResources UP-TO-DATE
> Task :react-native-safe-area-context:parseDebugLocalResources UP-TO-DATE
> Task :react-native-safe-area-context:generateDebugRFile UP-TO-DATE
> Task :react-native-screens:compileDebugLibraryResources UP-TO-DATE
> Task :react-native-screens:parseDebugLocalResources UP-TO-DATE
> Task :react-native-screens:generateDebugRFile UP-TO-DATE
> Task :react-native-vision-camera:compileDebugLibraryResources UP-TO-DATE
> Task :react-native-vision-camera:parseDebugLocalResources UP-TO-DATE
> Task :react-native-vision-camera:generateDebugRFile UP-TO-DATE
> Task :react-native-worklets-core:compileDebugLibraryResources UP-TO-DATE
> Task :react-native-worklets-core:parseDebugLocalResources UP-TO-DATE
> Task :react-native-worklets-core:generateDebugRFile UP-TO-DATE
> Task :vision-camera-resize-plugin:compileDebugLibraryResources UP-TO-DATE
> Task :vision-camera-resize-plugin:parseDebugLocalResources UP-TO-DATE
> Task :vision-camera-resize-plugin:generateDebugRFile UP-TO-DATE
> Task :expo:checkKotlinGradlePluginConfigurationErrors
> Task :expo:generateDebugBuildConfig UP-TO-DATE
> Task :expo-asset:checkKotlinGradlePluginConfigurationErrors
> Task :expo-asset:generateDebugBuildConfig UP-TO-DATE
> Task :expo-modules-core:checkKotlinGradlePluginConfigurationErrors
> Task :expo-modules-core:generateDebugBuildConfig UP-TO-DATE
> Task :expo-modules-core:compileDebugKotlin UP-TO-DATE
> Task :expo-modules-core:javaPreCompileDebug UP-TO-DATE
> Task :expo-modules-core:compileDebugJavaWithJavac UP-TO-DATE
> Task :expo-modules-core:bundleLibCompileToJarDebug UP-TO-DATE
> Task :expo-asset:compileDebugKotlin UP-TO-DATE
> Task :expo-asset:javaPreCompileDebug UP-TO-DATE
> Task :expo-asset:compileDebugJavaWithJavac UP-TO-DATE
> Task :expo-asset:bundleLibCompileToJarDebug UP-TO-DATE
> Task :expo-camera:checkKotlinGradlePluginConfigurationErrors
> Task :expo-camera:generateDebugBuildConfig UP-TO-DATE
> Task :expo-camera:compileDebugKotlin UP-TO-DATE
> Task :expo-camera:javaPreCompileDebug UP-TO-DATE
> Task :expo-camera:compileDebugJavaWithJavac UP-TO-DATE
> Task :expo-camera:bundleLibCompileToJarDebug UP-TO-DATE
> Task :expo-constants:checkKotlinGradlePluginConfigurationErrors
> Task :expo-constants:generateDebugBuildConfig UP-TO-DATE
> Task :expo-constants:compileDebugKotlin UP-TO-DATE
> Task :expo-constants:javaPreCompileDebug UP-TO-DATE
> Task :expo-constants:compileDebugJavaWithJavac UP-TO-DATE
> Task :expo-constants:bundleLibCompileToJarDebug UP-TO-DATE
> Task :expo-file-system:checkKotlinGradlePluginConfigurationErrors
> Task :expo-file-system:generateDebugBuildConfig UP-TO-DATE
> Task :expo-file-system:compileDebugKotlin UP-TO-DATE
> Task :expo-file-system:javaPreCompileDebug UP-TO-DATE
> Task :expo-file-system:compileDebugJavaWithJavac UP-TO-DATE
> Task :expo-file-system:bundleLibCompileToJarDebug UP-TO-DATE
> Task :expo-font:checkKotlinGradlePluginConfigurationErrors
> Task :expo-font:generateDebugBuildConfig UP-TO-DATE
> Task :expo-font:compileDebugKotlin UP-TO-DATE
> Task :expo-font:javaPreCompileDebug UP-TO-DATE
> Task :expo-font:compileDebugJavaWithJavac UP-TO-DATE
> Task :expo-font:bundleLibCompileToJarDebug UP-TO-DATE
> Task :expo-keep-awake:checkKotlinGradlePluginConfigurationErrors
> Task :expo-keep-awake:generateDebugBuildConfig UP-TO-DATE
> Task :expo-keep-awake:compileDebugKotlin UP-TO-DATE
> Task :expo-keep-awake:javaPreCompileDebug UP-TO-DATE
> Task :expo-keep-awake:compileDebugJavaWithJavac UP-TO-DATE
> Task :expo-keep-awake:bundleLibCompileToJarDebug UP-TO-DATE
> Task :expo-secure-store:checkKotlinGradlePluginConfigurationErrors
> Task :expo-secure-store:generateDebugBuildConfig UP-TO-DATE
> Task :expo-secure-store:compileDebugKotlin UP-TO-DATE
> Task :expo-secure-store:javaPreCompileDebug UP-TO-DATE
> Task :expo-secure-store:compileDebugJavaWithJavac UP-TO-DATE
> Task :expo-secure-store:bundleLibCompileToJarDebug UP-TO-DATE
> Task :expo-splash-screen:checkKotlinGradlePluginConfigurationErrors
> Task :expo-splash-screen:generateDebugBuildConfig UP-TO-DATE
> Task :expo-splash-screen:compileDebugKotlin UP-TO-DATE
> Task :expo-splash-screen:javaPreCompileDebug UP-TO-DATE
> Task :expo-splash-screen:compileDebugJavaWithJavac UP-TO-DATE
> Task :expo-splash-screen:bundleLibCompileToJarDebug UP-TO-DATE
> Task :expo-sqlite:checkKotlinGradlePluginConfigurationErrors
> Task :expo-sqlite:generateDebugBuildConfig UP-TO-DATE
> Task :expo-sqlite:compileDebugKotlin UP-TO-DATE
> Task :expo-sqlite:javaPreCompileDebug UP-TO-DATE
> Task :expo-sqlite:compileDebugJavaWithJavac UP-TO-DATE
> Task :expo-sqlite:bundleLibCompileToJarDebug UP-TO-DATE
> Task :expo:compileDebugKotlin UP-TO-DATE
> Task :expo:javaPreCompileDebug UP-TO-DATE
> Task :expo:compileDebugJavaWithJavac UP-TO-DATE
> Task :expo:bundleLibCompileToJarDebug UP-TO-DATE
> Task :react-native-community_netinfo:generateDebugBuildConfig UP-TO-DATE
> Task :react-native-community_netinfo:javaPreCompileDebug UP-TO-DATE
> Task :react-native-community_netinfo:compileDebugJavaWithJavac UP-TO-DATE
> Task :react-native-community_netinfo:bundleLibCompileToJarDebug UP-TO-DATE
> Task :react-native-fast-tflite:generateDebugBuildConfig UP-TO-DATE
> Task :react-native-fast-tflite:javaPreCompileDebug UP-TO-DATE
> Task :react-native-fast-tflite:compileDebugJavaWithJavac UP-TO-DATE
> Task :react-native-fast-tflite:bundleLibCompileToJarDebug UP-TO-DATE
> Task :react-native-safe-area-context:checkKotlinGradlePluginConfigurationErrors
> Task :react-native-safe-area-context:generateDebugBuildConfig UP-TO-DATE
> Task :react-native-safe-area-context:compileDebugKotlin UP-TO-DATE
> Task :react-native-safe-area-context:javaPreCompileDebug UP-TO-DATE
> Task :react-native-safe-area-context:compileDebugJavaWithJavac UP-TO-DATE
> Task :react-native-safe-area-context:bundleLibCompileToJarDebug UP-TO-DATE
> Task :react-native-screens:checkKotlinGradlePluginConfigurationErrors
> Task :react-native-screens:generateDebugBuildConfig UP-TO-DATE
> Task :react-native-screens:compileDebugKotlin UP-TO-DATE
> Task :react-native-screens:javaPreCompileDebug UP-TO-DATE
> Task :react-native-screens:compileDebugJavaWithJavac UP-TO-DATE
> Task :react-native-screens:bundleLibCompileToJarDebug UP-TO-DATE
> Task :react-native-vision-camera:checkKotlinGradlePluginConfigurationErrors
> Task :react-native-vision-camera:generateDebugBuildConfig UP-TO-DATE
> Task :react-native-worklets-core:generateDebugBuildConfig UP-TO-DATE
> Task :react-native-worklets-core:javaPreCompileDebug UP-TO-DATE
> Task :react-native-worklets-core:compileDebugJavaWithJavac UP-TO-DATE
> Task :react-native-worklets-core:bundleLibCompileToJarDebug UP-TO-DATE
> Task :app:processDebugResources
> Task :react-native-vision-camera:compileDebugKotlin UP-TO-DATE
> Task :react-native-vision-camera:javaPreCompileDebug UP-TO-DATE
> Task :react-native-vision-camera:compileDebugJavaWithJavac UP-TO-DATE
> Task :react-native-vision-camera:bundleLibCompileToJarDebug UP-TO-DATE
> Task :vision-camera-resize-plugin:checkKotlinGradlePluginConfigurationErrors
> Task :vision-camera-resize-plugin:generateDebugBuildConfig UP-TO-DATE
> Task :vision-camera-resize-plugin:compileDebugKotlin UP-TO-DATE
> Task :vision-camera-resize-plugin:javaPreCompileDebug UP-TO-DATE
> Task :vision-camera-resize-plugin:compileDebugJavaWithJavac UP-TO-DATE
> Task :vision-camera-resize-plugin:bundleLibCompileToJarDebug UP-TO-DATE
> Task :app:compileDebugKotlin UP-TO-DATE
> Task :app:javaPreCompileDebug UP-TO-DATE
> Task :app:compileDebugJavaWithJavac UP-TO-DATE
> Task :app:mergeDebugShaders UP-TO-DATE
> Task :app:compileDebugShaders NO-SOURCE
> Task :app:generateDebugAssets UP-TO-DATE
> Task :expo:mergeDebugShaders UP-TO-DATE
> Task :expo:compileDebugShaders NO-SOURCE
> Task :expo:generateDebugAssets UP-TO-DATE
> Task :expo:packageDebugAssets UP-TO-DATE
> Task :expo-asset:mergeDebugShaders UP-TO-DATE
> Task :expo-asset:compileDebugShaders NO-SOURCE
> Task :expo-asset:generateDebugAssets UP-TO-DATE
> Task :expo-asset:packageDebugAssets UP-TO-DATE
> Task :expo-camera:mergeDebugShaders UP-TO-DATE
> Task :expo-camera:compileDebugShaders NO-SOURCE
> Task :expo-camera:generateDebugAssets UP-TO-DATE
> Task :expo-camera:packageDebugAssets UP-TO-DATE
> Task :expo-constants:mergeDebugShaders UP-TO-DATE
> Task :expo-constants:compileDebugShaders NO-SOURCE
> Task :expo-constants:generateDebugAssets UP-TO-DATE
> Task :expo-constants:packageDebugAssets UP-TO-DATE
> Task :expo-file-system:mergeDebugShaders UP-TO-DATE
> Task :expo-file-system:compileDebugShaders NO-SOURCE
> Task :expo-file-system:generateDebugAssets UP-TO-DATE
> Task :expo-file-system:packageDebugAssets UP-TO-DATE
> Task :expo-font:mergeDebugShaders UP-TO-DATE
> Task :expo-font:compileDebugShaders NO-SOURCE
> Task :expo-font:generateDebugAssets UP-TO-DATE
> Task :expo-font:packageDebugAssets UP-TO-DATE
> Task :expo-keep-awake:mergeDebugShaders UP-TO-DATE
> Task :expo-keep-awake:compileDebugShaders NO-SOURCE
> Task :expo-keep-awake:generateDebugAssets UP-TO-DATE
> Task :expo-keep-awake:packageDebugAssets UP-TO-DATE
> Task :expo-modules-core:mergeDebugShaders UP-TO-DATE
> Task :expo-modules-core:compileDebugShaders NO-SOURCE
> Task :expo-modules-core:generateDebugAssets UP-TO-DATE
> Task :expo-modules-core:packageDebugAssets UP-TO-DATE
> Task :expo-secure-store:mergeDebugShaders UP-TO-DATE
> Task :expo-secure-store:compileDebugShaders NO-SOURCE
> Task :expo-secure-store:generateDebugAssets UP-TO-DATE
> Task :expo-secure-store:packageDebugAssets UP-TO-DATE
> Task :expo-splash-screen:mergeDebugShaders UP-TO-DATE
> Task :expo-splash-screen:compileDebugShaders NO-SOURCE
> Task :expo-splash-screen:generateDebugAssets UP-TO-DATE
> Task :expo-splash-screen:packageDebugAssets UP-TO-DATE
> Task :expo-sqlite:mergeDebugShaders UP-TO-DATE
> Task :expo-sqlite:compileDebugShaders NO-SOURCE
> Task :expo-sqlite:generateDebugAssets UP-TO-DATE
> Task :expo-sqlite:packageDebugAssets UP-TO-DATE
> Task :react-native-community_netinfo:mergeDebugShaders UP-TO-DATE
> Task :react-native-community_netinfo:compileDebugShaders NO-SOURCE
> Task :react-native-community_netinfo:generateDebugAssets UP-TO-DATE
> Task :react-native-community_netinfo:packageDebugAssets UP-TO-DATE
> Task :react-native-fast-tflite:mergeDebugShaders UP-TO-DATE
> Task :react-native-fast-tflite:compileDebugShaders NO-SOURCE
> Task :react-native-fast-tflite:generateDebugAssets UP-TO-DATE
> Task :react-native-fast-tflite:packageDebugAssets UP-TO-DATE
> Task :react-native-safe-area-context:mergeDebugShaders UP-TO-DATE
> Task :react-native-safe-area-context:compileDebugShaders NO-SOURCE
> Task :react-native-safe-area-context:generateDebugAssets UP-TO-DATE
> Task :react-native-safe-area-context:packageDebugAssets UP-TO-DATE
> Task :react-native-screens:mergeDebugShaders UP-TO-DATE
> Task :react-native-screens:compileDebugShaders NO-SOURCE
> Task :react-native-screens:generateDebugAssets UP-TO-DATE
> Task :react-native-screens:packageDebugAssets UP-TO-DATE
> Task :react-native-vision-camera:mergeDebugShaders UP-TO-DATE
> Task :react-native-vision-camera:compileDebugShaders NO-SOURCE
> Task :react-native-vision-camera:generateDebugAssets UP-TO-DATE
> Task :react-native-vision-camera:packageDebugAssets UP-TO-DATE
> Task :react-native-worklets-core:mergeDebugShaders UP-TO-DATE
> Task :react-native-worklets-core:compileDebugShaders NO-SOURCE
> Task :react-native-worklets-core:generateDebugAssets UP-TO-DATE
> Task :react-native-worklets-core:packageDebugAssets UP-TO-DATE
> Task :vision-camera-resize-plugin:mergeDebugShaders UP-TO-DATE
> Task :vision-camera-resize-plugin:compileDebugShaders NO-SOURCE
> Task :vision-camera-resize-plugin:generateDebugAssets UP-TO-DATE
> Task :vision-camera-resize-plugin:packageDebugAssets UP-TO-DATE
> Task :app:mergeDebugAssets UP-TO-DATE
> Task :app:compressDebugAssets UP-TO-DATE
> Task :react-native-community_netinfo:bundleLibRuntimeToJarDebug UP-TO-DATE
> Task :expo:bundleLibRuntimeToJarDebug UP-TO-DATE
> Task :expo-asset:bundleLibRuntimeToJarDebug UP-TO-DATE
> Task :expo-camera:bundleLibRuntimeToJarDebug UP-TO-DATE
> Task :expo-constants:bundleLibRuntimeToJarDebug UP-TO-DATE
> Task :expo-file-system:bundleLibRuntimeToJarDebug UP-TO-DATE
> Task :expo-font:bundleLibRuntimeToJarDebug UP-TO-DATE
> Task :expo-keep-awake:bundleLibRuntimeToJarDebug UP-TO-DATE
> Task :expo-modules-core:bundleLibRuntimeToJarDebug UP-TO-DATE
> Task :expo-secure-store:bundleLibRuntimeToJarDebug UP-TO-DATE
> Task :expo-splash-screen:bundleLibRuntimeToJarDebug UP-TO-DATE
> Task :expo-sqlite:bundleLibRuntimeToJarDebug UP-TO-DATE
> Task :react-native-fast-tflite:bundleLibRuntimeToJarDebug UP-TO-DATE
> Task :react-native-safe-area-context:bundleLibRuntimeToJarDebug UP-TO-DATE
> Task :react-native-screens:bundleLibRuntimeToJarDebug UP-TO-DATE
> Task :vision-camera-resize-plugin:bundleLibRuntimeToJarDebug UP-TO-DATE
> Task :react-native-vision-camera:bundleLibRuntimeToJarDebug UP-TO-DATE
> Task :react-native-worklets-core:bundleLibRuntimeToJarDebug UP-TO-DATE
> Task :app:desugarDebugFileDependencies UP-TO-DATE
> Task :app:dexBuilderDebug UP-TO-DATE
> Task :app:processDebugJavaRes UP-TO-DATE
> Task :expo:processDebugJavaRes UP-TO-DATE
> Task :expo-asset:processDebugJavaRes UP-TO-DATE
> Task :expo-camera:processDebugJavaRes UP-TO-DATE
> Task :expo-constants:processDebugJavaRes UP-TO-DATE
> Task :expo-file-system:processDebugJavaRes UP-TO-DATE
> Task :expo-font:processDebugJavaRes UP-TO-DATE
> Task :expo-keep-awake:processDebugJavaRes UP-TO-DATE
> Task :expo-modules-core:processDebugJavaRes UP-TO-DATE
> Task :expo-secure-store:processDebugJavaRes UP-TO-DATE
> Task :expo-splash-screen:processDebugJavaRes UP-TO-DATE
> Task :expo-sqlite:processDebugJavaRes UP-TO-DATE
> Task :react-native-community_netinfo:processDebugJavaRes NO-SOURCE
> Task :react-native-fast-tflite:processDebugJavaRes NO-SOURCE
> Task :react-native-safe-area-context:processDebugJavaRes UP-TO-DATE
> Task :react-native-screens:processDebugJavaRes UP-TO-DATE
> Task :react-native-vision-camera:processDebugJavaRes UP-TO-DATE
> Task :react-native-worklets-core:processDebugJavaRes NO-SOURCE
> Task :vision-camera-resize-plugin:processDebugJavaRes UP-TO-DATE
> Task :app:mergeDebugJavaResource UP-TO-DATE
> Task :app:checkDebugDuplicateClasses UP-TO-DATE
> Task :app:mergeExtDexDebug UP-TO-DATE
> Task :app:mergeProjectDexDebug UP-TO-DATE
> Task :app:mergeDebugJniLibFolders UP-TO-DATE
> Task :expo:mergeDebugJniLibFolders UP-TO-DATE
> Task :expo:mergeDebugNativeLibs NO-SOURCE
> Task :expo:copyDebugJniLibsProjectOnly UP-TO-DATE
> Task :expo-asset:mergeDebugJniLibFolders UP-TO-DATE
> Task :expo-asset:mergeDebugNativeLibs NO-SOURCE
> Task :expo-asset:copyDebugJniLibsProjectOnly UP-TO-DATE
> Task :app:mergeDebugGlobalSynthetics UP-TO-DATE
> Task :app:mergeLibDexDebug UP-TO-DATE
> Task :expo-camera:mergeDebugJniLibFolders UP-TO-DATE
> Task :expo-camera:mergeDebugNativeLibs NO-SOURCE
> Task :expo-camera:copyDebugJniLibsProjectOnly UP-TO-DATE
> Task :expo-constants:mergeDebugJniLibFolders UP-TO-DATE
> Task :expo-constants:mergeDebugNativeLibs NO-SOURCE
> Task :expo-constants:copyDebugJniLibsProjectOnly UP-TO-DATE
> Task :expo-file-system:mergeDebugJniLibFolders UP-TO-DATE
> Task :expo-file-system:mergeDebugNativeLibs NO-SOURCE
> Task :expo-file-system:copyDebugJniLibsProjectOnly UP-TO-DATE
> Task :expo-font:mergeDebugJniLibFolders UP-TO-DATE
> Task :expo-font:mergeDebugNativeLibs NO-SOURCE
> Task :expo-font:copyDebugJniLibsProjectOnly UP-TO-DATE
> Task :expo-keep-awake:mergeDebugJniLibFolders UP-TO-DATE
> Task :expo-keep-awake:mergeDebugNativeLibs NO-SOURCE
> Task :expo-keep-awake:copyDebugJniLibsProjectOnly UP-TO-DATE
> Task :expo-modules-core:configureCMakeDebug[arm64-v8a]
> Task :expo-modules-core:buildCMakeDebug[arm64-v8a]
C/C++: ninja: Entering directory `E:\Projet\TechWebM\App\LeafSense\Frontend\node_modules\expo-modules-core\android\.cxx\Debug\54452c5j\arm64-v8a'
C/C++: C:\Users\maher\AppData\Local\Android\Sdk\ndk\26.1.10909125\toolchains\llvm\prebuilt\windows-x86_64\bin\clang++.exe --target=aarch64-none-linux-android23 --sysroot=C:/Users/maher/AppData/Local/Android/Sdk/ndk/26.1.10909125/toolchains/llvm/prebuilt/windows-x86_64/sysroot -Dexpo_modules_core_EXPORTS -IC:/Users/maher/.gradle/caches/8.8/transforms/f7e7d8e15b8dd6d3df49e4b533bc2e58/transformed/jetified-react-android-0.74.5-debug/prefab/modules/reactnativejni/include/react -IE:/Projet/TechWebM/App/LeafSense/Frontend/node_modules/react-native/ReactAndroid/src/main/jni/react/turbomodule -IE:/Projet/TechWebM/App/LeafSense/Frontend/node_modules/expo-modules-core/android/../common/cpp -IE:/Projet/TechWebM/App/LeafSense/Frontend/node_modules/expo-modules-core/android/src/fabric -isystem C:/Users/maher/.gradle/caches/8.8/transforms/7ae4e699c1ae69bd207be2e4a6a586df/transformed/jetified-fbjni-0.6.0/prefab/modules/fbjni/include -isystem C:/Users/maher/.gradle/caches/8.8/transforms/f7e7d8e15b8dd6d3df49e4b533bc2e58/transformed/jetified-react-android-0.74.5-debug/prefab/modules/jsi/include -isystem C:/Users/maher/.gradle/caches/8.8/transforms/f7e7d8e15b8dd6d3df49e4b533bc2e58/transformed/jetified-react-android-0.74.5-debug/prefab/modules/reactnativejni/include -isystem C:/Users/maher/.gradle/caches/8.8/transforms/f7e7d8e15b8dd6d3df49e4b533bc2e58/transformed/jetified-react-android-0.74.5-debug/prefab/modules/folly_runtime/include -isystem C:/Users/maher/.gradle/caches/8.8/transforms/f7e7d8e15b8dd6d3df49e4b533bc2e58/transformed/jetified-react-android-0.74.5-debug/prefab/modules/react_nativemodule_core/include -g -DANDROID -fdata-sections -ffunction-sections -funwind-tables -fstack-protector-strong -no-canonical-prefixes -D_FORTIFY_SOURCE=2 -Wformat -Werror=format-security   -DREACT_NATIVE_TARGET_VERSION=74 -fno-limit-debug-info  -fPIC -DFOLLY_NO_CONFIG=1 -DFOLLY_HAVE_CLOCK_GETTIME=1 -DFOLLY_USE_LIBCPP=1 -DFOLLY_CFG_NO_COROUTINES=1 -DFOLLY_MOBILE=1 -DFOLLY_HAVE_RECVMMSG=1 -DFOLLY_HAVE_PTHREAD=1 -DFOLLY_HAVE_XSI_STRERROR_R=1 -O2 -frtti -fexceptions -Wall -fstack-protector-all -DUSE_HERMES=0 -DUNIT_TEST=0 -std=gnu++20 -MD -MT CMakeFiles/expo-modules-core.dir/src/main/cpp/MethodMetadata.cpp.o -MF CMakeFiles\expo-modules-core.dir\src\main\cpp\MethodMetadata.cpp.o.d -o CMakeFiles/expo-modules-core.dir/src/main/cpp/MethodMetadata.cpp.o -c E:/Projet/TechWebM/App/LeafSense/Frontend/node_modules/expo-modules-core/android/src/main/cpp/MethodMetadata.cpp
C/C++: 0.	Program arguments: C:\\Users\\maher\\AppData\\Local\\Android\\Sdk\\ndk\\26.1.10909125\\toolchains\\llvm\\prebuilt\\windows-x86_64\\bin\\clang++.exe --target=aarch64-none-linux-android23 --sysroot=C:/Users/maher/AppData/Local/Android/Sdk/ndk/26.1.10909125/toolchains/llvm/prebuilt/windows-x86_64/sysroot -Dexpo_modules_core_EXPORTS -IC:/Users/maher/.gradle/caches/8.8/transforms/f7e7d8e15b8dd6d3df49e4b533bc2e58/transformed/jetified-react-android-0.74.5-debug/prefab/modules/reactnativejni/include/react -IE:/Projet/TechWebM/App/LeafSense/Frontend/node_modules/react-native/ReactAndroid/src/main/jni/react/turbomodule -IE:/Projet/TechWebM/App/LeafSense/Frontend/node_modules/expo-modules-core/android/../common/cpp -IE:/Projet/TechWebM/App/LeafSense/Frontend/node_modules/expo-modules-core/android/src/fabric -isystem C:/Users/maher/.gradle/caches/8.8/transforms/7ae4e699c1ae69bd207be2e4a6a586df/transformed/jetified-fbjni-0.6.0/prefab/modules/fbjni/include -isystem C:/Users/maher/.gradle/caches/8.8/transforms/f7e7d8e15b8dd6d3df49e4b533bc2e58/transformed/jetified-react-android-0.74.5-debug/prefab/modules/jsi/include -isystem C:/Users/maher/.gradle/caches/8.8/transforms/f7e7d8e15b8dd6d3df49e4b533bc2e58/transformed/jetified-react-android-0.74.5-debug/prefab/modules/reactnativejni/include -isystem C:/Users/maher/.gradle/caches/8.8/transforms/f7e7d8e15b8dd6d3df49e4b533bc2e58/transformed/jetified-react-android-0.74.5-debug/prefab/modules/folly_runtime/include -isystem C:/Users/maher/.gradle/caches/8.8/transforms/f7e7d8e15b8dd6d3df49e4b533bc2e58/transformed/jetified-react-android-0.74.5-debug/prefab/modules/react_nativemodule_core/include -g -DANDROID -fdata-sections -ffunction-sections -funwind-tables -fstack-protector-strong -no-canonical-prefixes -D_FORTIFY_SOURCE=2 -Wformat -Werror=format-security -DREACT_NATIVE_TARGET_VERSION=74 -fno-limit-debug-info -fPIC -DFOLLY_NO_CONFIG=1 -DFOLLY_HAVE_CLOCK_GETTIME=1 -DFOLLY_USE_LIBCPP=1 -DFOLLY_CFG_NO_COROUTINES=1 -DFOLLY_MOBILE=1 -DFOLLY_HAVE_RECVMMSG=1 -DFOLLY_HAVE_PTHREAD=1 -DFOLLY_HAVE_XSI_STRERROR_R=1 -O2 -frtti -fexceptions -Wall -fstack-protector-all -DUSE_HERMES=0 -DUNIT_TEST=0 -std=gnu++20 -MD -MT CMakeFiles/expo-modules-core.dir/src/main/cpp/MethodMetadata.cpp.o -MF CMakeFiles\\expo-modules-core.dir\\src\\main\\cpp\\MethodMetadata.cpp.o.d -o CMakeFiles/expo-modules-core.dir/src/main/cpp/MethodMetadata.cpp.o -c E:/Projet/TechWebM/App/LeafSense/Frontend/node_modules/expo-modules-core/android/src/main/cpp/MethodMetadata.cpp
C/C++: clang++: error: clang frontend command failed due to signal (use -v to see invocation)
C/C++: Android (10552028, based on r487747d) clang version 17.0.2 (https://android.googlesource.com/toolchain/llvm-project d9f89f4d16663d5012e5c09495f3b30ece3d2362)
C/C++: Target: aarch64-none-linux-android23
C/C++: Thread model: posix
C/C++: InstalledDir: C:/Users/maher/AppData/Local/Android/Sdk/ndk/26.1.10909125/toolchains/llvm/prebuilt/windows-x86_64/bin
C/C++: clang++: note: diagnostic msg: Error generating preprocessed source(s).
C/C++: [2/16] Building CXX object CMakeFiles/expo-modules-core.dir/src/main/cpp/types/FrontendConverterProvider.cpp.o
C/C++: [3/16] Building CXX object CMakeFiles/expo-modules-core.dir/E_/Projet/TechWebM/App/LeafSense/Frontend/node_modules/expo-modules-core/common/cpp/JSIUtils.cpp.o
C/C++: [4/16] Building CXX object CMakeFiles/expo-modules-core.dir/src/main/cpp/JavaScriptValue.cpp.o
C/C++: FAILED: CMakeFiles/expo-modules-core.dir/src/main/cpp/JavaScriptValue.cpp.o 
C/C++: C:\Users\maher\AppData\Local\Android\Sdk\ndk\26.1.10909125\toolchains\llvm\prebuilt\windows-x86_64\bin\clang++.exe --target=aarch64-none-linux-android23 --sysroot=C:/Users/maher/AppData/Local/Android/Sdk/ndk/26.1.10909125/toolchains/llvm/prebuilt/windows-x86_64/sysroot -Dexpo_modules_core_EXPORTS -IC:/Users/maher/.gradle/caches/8.8/transforms/f7e7d8e15b8dd6d3df49e4b533bc2e58/transformed/jetified-react-android-0.74.5-debug/prefab/modules/reactnativejni/include/react -IE:/Projet/TechWebM/App/LeafSense/Frontend/node_modules/react-native/ReactAndroid/src/main/jni/react/turbomodule -IE:/Projet/TechWebM/App/LeafSense/Frontend/node_modules/expo-modules-core/android/../common/cpp -IE:/Projet/TechWebM/App/LeafSense/Frontend/node_modules/expo-modules-core/android/src/fabric -isystem C:/Users/maher/.gradle/caches/8.8/transforms/7ae4e699c1ae69bd207be2e4a6a586df/transformed/jetified-fbjni-0.6.0/prefab/modules/fbjni/include -isystem C:/Users/maher/.gradle/caches/8.8/transforms/f7e7d8e15b8dd6d3df49e4b533bc2e58/transformed/jetified-react-android-0.74.5-debug/prefab/modules/jsi/include -isystem C:/Users/maher/.gradle/caches/8.8/transforms/f7e7d8e15b8dd6d3df49e4b533bc2e58/transformed/jetified-react-android-0.74.5-debug/prefab/modules/reactnativejni/include -isystem C:/Users/maher/.gradle/caches/8.8/transforms/f7e7d8e15b8dd6d3df49e4b533bc2e58/transformed/jetified-react-android-0.74.5-debug/prefab/modules/folly_runtime/include -isystem C:/Users/maher/.gradle/caches/8.8/transforms/f7e7d8e15b8dd6d3df49e4b533bc2e58/transformed/jetified-react-android-0.74.5-debug/prefab/modules/react_nativemodule_core/include -g -DANDROID -fdata-sections -ffunction-sections -funwind-tables -fstack-protector-strong -no-canonical-prefixes -D_FORTIFY_SOURCE=2 -Wformat -Werror=format-security   -DREACT_NATIVE_TARGET_VERSION=74 -fno-limit-debug-info  -fPIC -DFOLLY_NO_CONFIG=1 -DFOLLY_HAVE_CLOCK_GETTIME=1 -DFOLLY_USE_LIBCPP=1 -DFOLLY_CFG_NO_COROUTINES=1 -DFOLLY_MOBILE=1 -DFOLLY_HAVE_RECVMMSG=1 -DFOLLY_HAVE_PTHREAD=1 -DFOLLY_HAVE_XSI_STRERROR_R=1 -O2 -frtti -fexceptions -Wall -fstack-protector-all -DUSE_HERMES=0 -DUNIT_TEST=0 -std=gnu++20 -MD -MT CMakeFiles/expo-modules-core.dir/src/main/cpp/JavaScriptValue.cpp.o -MF CMakeFiles\expo-modules-core.dir\src\main\cpp\JavaScriptValue.cpp.o.d -o CMakeFiles/expo-modules-core.dir/src/main/cpp/JavaScriptValue.cpp.o -c E:/Projet/TechWebM/App/LeafSense/Frontend/node_modules/expo-modules-core/android/src/main/cpp/JavaScriptValue.cpp
C/C++: 0.	Program arguments: C:\\Users\\maher\\AppData\\Local\\Android\\Sdk\\ndk\\26.1.10909125\\toolchains\\llvm\\prebuilt\\windows-x86_64\\bin\\clang++.exe --target=aarch64-none-linux-android23 --sysroot=C:/Users/maher/AppData/Local/Android/Sdk/ndk/26.1.10909125/toolchains/llvm/prebuilt/windows-x86_64/sysroot -Dexpo_modules_core_EXPORTS -IC:/Users/maher/.gradle/caches/8.8/transforms/f7e7d8e15b8dd6d3df49e4b533bc2e58/transformed/jetified-react-android-0.74.5-debug/prefab/modules/reactnativejni/include/react -IE:/Projet/TechWebM/App/LeafSense/Frontend/node_modules/react-native/ReactAndroid/src/main/jni/react/turbomodule -IE:/Projet/TechWebM/App/LeafSense/Frontend/node_modules/expo-modules-core/android/../common/cpp -IE:/Projet/TechWebM/App/LeafSense/Frontend/node_modules/expo-modules-core/android/src/fabric -isystem C:/Users/maher/.gradle/caches/8.8/transforms/7ae4e699c1ae69bd207be2e4a6a586df/transformed/jetified-fbjni-0.6.0/prefab/modules/fbjni/include -isystem C:/Users/maher/.gradle/caches/8.8/transforms/f7e7d8e15b8dd6d3df49e4b533bc2e58/transformed/jetified-react-android-0.74.5-debug/prefab/modules/jsi/include -isystem C:/Users/maher/.gradle/caches/8.8/transforms/f7e7d8e15b8dd6d3df49e4b533bc2e58/transformed/jetified-react-android-0.74.5-debug/prefab/modules/reactnativejni/include -isystem C:/Users/maher/.gradle/caches/8.8/transforms/f7e7d8e15b8dd6d3df49e4b533bc2e58/transformed/jetified-react-android-0.74.5-debug/prefab/modules/folly_runtime/include -isystem C:/Users/maher/.gradle/caches/8.8/transforms/f7e7d8e15b8dd6d3df49e4b533bc2e58/transformed/jetified-react-android-0.74.5-debug/prefab/modules/react_nativemodule_core/include -g -DANDROID -fdata-sections -ffunction-sections -funwind-tables -fstack-protector-strong -no-canonical-prefixes -D_FORTIFY_SOURCE=2 -Wformat -Werror=format-security -DREACT_NATIVE_TARGET_VERSION=74 -fno-limit-debug-info -fPIC -DFOLLY_NO_CONFIG=1 -DFOLLY_HAVE_CLOCK_GETTIME=1 -DFOLLY_USE_LIBCPP=1 -DFOLLY_CFG_NO_COROUTINES=1 -DFOLLY_MOBILE=1 -DFOLLY_HAVE_RECVMMSG=1 -DFOLLY_HAVE_PTHREAD=1 -DFOLLY_HAVE_XSI_STRERROR_R=1 -O2 -frtti -fexceptions -Wall -fstack-protector-all -DUSE_HERMES=0 -DUNIT_TEST=0 -std=gnu++20 -MD -MT CMakeFiles/expo-modules-core.dir/src/main/cpp/JavaScriptValue.cpp.o -MF CMakeFiles\\expo-modules-core.dir\\src\\main\\cpp\\JavaScriptValue.cpp.o.d -o CMakeFiles/expo-modules-core.dir/src/main/cpp/JavaScriptValue.cpp.o -c E:/Projet/TechWebM/App/LeafSense/Frontend/node_modules/expo-modules-core/android/src/main/cpp/JavaScriptValue.cpp
C/C++: clang++: error: clang frontend command failed due to signal (use -v to see invocation)
C/C++: Android (10552028, based on r487747d) clang version 17.0.2 (https://android.googlesource.com/toolchain/llvm-project d9f89f4d16663d5012e5c09495f3b30ece3d2362)
C/C++: Target: aarch64-none-linux-android23
C/C++: Thread model: posix
C/C++: InstalledDir: C:/Users/maher/AppData/Local/Android/Sdk/ndk/26.1.10909125/toolchains/llvm/prebuilt/windows-x86_64/bin
C/C++: clang++: note: diagnostic msg: 
C/C++: ********************
C/C++: PLEASE ATTACH THE FOLLOWING FILES TO THE BUG REPORT:
C/C++: Preprocessed source(s) and associated run script(s) are located at:
C/C++: clang++: note: diagnostic msg: C:/Users/maher/AppData/Local/Temp/JavaScriptValue-9f31b4.cpp
C/C++: clang++: note: diagnostic msg: C:/Users/maher/AppData/Local/Temp/JavaScriptValue-9f31b4.sh
C/C++: clang++: note: diagnostic msg: 
C/C++: ********************
C/C++: [5/16] Building CXX object CMakeFiles/expo-modules-core.dir/src/main/cpp/JavaScriptWeakObject.cpp.o
C/C++: FAILED: CMakeFiles/expo-modules-core.dir/src/main/cpp/JavaScriptWeakObject.cpp.o 
C/C++: C:\Users\maher\AppData\Local\Android\Sdk\ndk\26.1.10909125\toolchains\llvm\prebuilt\windows-x86_64\bin\clang++.exe --target=aarch64-none-linux-android23 --sysroot=C:/Users/maher/AppData/Local/Android/Sdk/ndk/26.1.10909125/toolchains/llvm/prebuilt/windows-x86_64/sysroot -Dexpo_modules_core_EXPORTS -IC:/Users/maher/.gradle/caches/8.8/transforms/f7e7d8e15b8dd6d3df49e4b533bc2e58/transformed/jetified-react-android-0.74.5-debug/prefab/modules/reactnativejni/include/react -IE:/Projet/TechWebM/App/LeafSense/Frontend/node_modules/react-native/ReactAndroid/src/main/jni/react/turbomodule -IE:/Projet/TechWebM/App/LeafSense/Frontend/node_modules/expo-modules-core/android/../common/cpp -IE:/Projet/TechWebM/App/LeafSense/Frontend/node_modules/expo-modules-core/android/src/fabric -isystem C:/Users/maher/.gradle/caches/8.8/transforms/7ae4e699c1ae69bd207be2e4a6a586df/transformed/jetified-fbjni-0.6.0/prefab/modules/fbjni/include -isystem C:/Users/maher/.gradle/caches/8.8/transforms/f7e7d8e15b8dd6d3df49e4b533bc2e58/transformed/jetified-react-android-0.74.5-debug/prefab/modules/jsi/include -isystem C:/Users/maher/.gradle/caches/8.8/transforms/f7e7d8e15b8dd6d3df49e4b533bc2e58/transformed/jetified-react-android-0.74.5-debug/prefab/modules/reactnativejni/include -isystem C:/Users/maher/.gradle/caches/8.8/transforms/f7e7d8e15b8dd6d3df49e4b533bc2e58/transformed/jetified-react-android-0.74.5-debug/prefab/modules/folly_runtime/include -isystem C:/Users/maher/.gradle/caches/8.8/transforms/f7e7d8e15b8dd6d3df49e4b533bc2e58/transformed/jetified-react-android-0.74.5-debug/prefab/modules/react_nativemodule_core/include -g -DANDROID -fdata-sections -ffunction-sections -funwind-tables -fstack-protector-strong -no-canonical-prefixes -D_FORTIFY_SOURCE=2 -Wformat -Werror=format-security   -DREACT_NATIVE_TARGET_VERSION=74 -fno-limit-debug-info  -fPIC -DFOLLY_NO_CONFIG=1 -DFOLLY_HAVE_CLOCK_GETTIME=1 -DFOLLY_USE_LIBCPP=1 -DFOLLY_CFG_NO_COROUTINES=1 -DFOLLY_MOBILE=1 -DFOLLY_HAVE_RECVMMSG=1 -DFOLLY_HAVE_PTHREAD=1 -DFOLLY_HAVE_XSI_STRERROR_R=1 -O2 -frtti -fexceptions -Wall -fstack-protector-all -DUSE_HERMES=0 -DUNIT_TEST=0 -std=gnu++20 -MD -MT CMakeFiles/expo-modules-core.dir/src/main/cpp/JavaScriptWeakObject.cpp.o -MF CMakeFiles\expo-modules-core.dir\src\main\cpp\JavaScriptWeakObject.cpp.o.d -o CMakeFiles/expo-modules-core.dir/src/main/cpp/JavaScriptWeakObject.cpp.o -c E:/Projet/TechWebM/App/LeafSense/Frontend/node_modules/expo-modules-core/android/src/main/cpp/JavaScriptWeakObject.cpp
C/C++: 0.	Program arguments: C:\\Users\\maher\\AppData\\Local\\Android\\Sdk\\ndk\\26.1.10909125\\toolchains\\llvm\\prebuilt\\windows-x86_64\\bin\\clang++.exe --target=aarch64-none-linux-android23 --sysroot=C:/Users/maher/AppData/Local/Android/Sdk/ndk/26.1.10909125/toolchains/llvm/prebuilt/windows-x86_64/sysroot -Dexpo_modules_core_EXPORTS -IC:/Users/maher/.gradle/caches/8.8/transforms/f7e7d8e15b8dd6d3df49e4b533bc2e58/transformed/jetified-react-android-0.74.5-debug/prefab/modules/reactnativejni/include/react -IE:/Projet/TechWebM/App/LeafSense/Frontend/node_modules/react-native/ReactAndroid/src/main/jni/react/turbomodule -IE:/Projet/TechWebM/App/LeafSense/Frontend/node_modules/expo-modules-core/android/../common/cpp -IE:/Projet/TechWebM/App/LeafSense/Frontend/node_modules/expo-modules-core/android/src/fabric -isystem C:/Users/maher/.gradle/caches/8.8/transforms/7ae4e699c1ae69bd207be2e4a6a586df/transformed/jetified-fbjni-0.6.0/prefab/modules/fbjni/include -isystem C:/Users/maher/.gradle/caches/8.8/transforms/f7e7d8e15b8dd6d3df49e4b533bc2e58/transformed/jetified-react-android-0.74.5-debug/prefab/modules/jsi/include -isystem C:/Users/maher/.gradle/caches/8.8/transforms/f7e7d8e15b8dd6d3df49e4b533bc2e58/transformed/jetified-react-android-0.74.5-debug/prefab/modules/reactnativejni/include -isystem C:/Users/maher/.gradle/caches/8.8/transforms/f7e7d8e15b8dd6d3df49e4b533bc2e58/transformed/jetified-react-android-0.74.5-debug/prefab/modules/folly_runtime/include -isystem C:/Users/maher/.gradle/caches/8.8/transforms/f7e7d8e15b8dd6d3df49e4b533bc2e58/transformed/jetified-react-android-0.74.5-debug/prefab/modules/react_nativemodule_core/include -g -DANDROID -fdata-sections -ffunction-sections -funwind-tables -fstack-protector-strong -no-canonical-prefixes -D_FORTIFY_SOURCE=2 -Wformat -Werror=format-security -DREACT_NATIVE_TARGET_VERSION=74 -fno-limit-debug-info -fPIC -DFOLLY_NO_CONFIG=1 -DFOLLY_HAVE_CLOCK_GETTIME=1 -DFOLLY_USE_LIBCPP=1 -DFOLLY_CFG_NO_COROUTINES=1 -DFOLLY_MOBILE=1 -DFOLLY_HAVE_RECVMMSG=1 -DFOLLY_HAVE_PTHREAD=1 -DFOLLY_HAVE_XSI_STRERROR_R=1 -O2 -frtti -fexceptions -Wall -fstack-protector-all -DUSE_HERMES=0 -DUNIT_TEST=0 -std=gnu++20 -MD -MT CMakeFiles/expo-modules-core.dir/src/main/cpp/JavaScriptWeakObject.cpp.o -MF CMakeFiles\\expo-modules-core.dir\\src\\main\\cpp\\JavaScriptWeakObject.cpp.o.d -o CMakeFiles/expo-modules-core.dir/src/main/cpp/JavaScriptWeakObject.cpp.o -c E:/Projet/TechWebM/App/LeafSense/Frontend/node_modules/expo-modules-core/android/src/main/cpp/JavaScriptWeakObject.cpp
C/C++: clang++: error: clang frontend command failed due to signal (use -v to see invocation)
C/C++: Android (10552028, based on r487747d) clang version 17.0.2 (https://android.googlesource.com/toolchain/llvm-project d9f89f4d16663d5012e5c09495f3b30ece3d2362)
C/C++: Target: aarch64-none-linux-android23
C/C++: Thread model: posix
C/C++: InstalledDir: C:/Users/maher/AppData/Local/Android/Sdk/ndk/26.1.10909125/toolchains/llvm/prebuilt/windows-x86_64/bin
C/C++: clang++: note: diagnostic msg: 
C/C++: ********************
C/C++: PLEASE ATTACH THE FOLLOWING FILES TO THE BUG REPORT:
C/C++: Preprocessed source(s) and associated run script(s) are located at:
C/C++: clang++: note: diagnostic msg: C:/Users/maher/AppData/Local/Temp/JavaScriptWeakObject-390d83.cpp
C/C++: clang++: note: diagnostic msg: C:/Users/maher/AppData/Local/Temp/JavaScriptWeakObject-390d83.sh
C/C++: clang++: note: diagnostic msg: 
C/C++: ********************
C/C++: [6/16] Building CXX object CMakeFiles/expo-modules-core.dir/src/main/cpp/WeakRuntimeHolder.cpp.o
C/C++: FAILED: CMakeFiles/expo-modules-core.dir/src/main/cpp/WeakRuntimeHolder.cpp.o 
C/C++: C:\Users\maher\AppData\Local\Android\Sdk\ndk\26.1.10909125\toolchains\llvm\prebuilt\windows-x86_64\bin\clang++.exe --target=aarch64-none-linux-android23 --sysroot=C:/Users/maher/AppData/Local/Android/Sdk/ndk/26.1.10909125/toolchains/llvm/prebuilt/windows-x86_64/sysroot -Dexpo_modules_core_EXPORTS -IC:/Users/maher/.gradle/caches/8.8/transforms/f7e7d8e15b8dd6d3df49e4b533bc2e58/transformed/jetified-react-android-0.74.5-debug/prefab/modules/reactnativejni/include/react -IE:/Projet/TechWebM/App/LeafSense/Frontend/node_modules/react-native/ReactAndroid/src/main/jni/react/turbomodule -IE:/Projet/TechWebM/App/LeafSense/Frontend/node_modules/expo-modules-core/android/../common/cpp -IE:/Projet/TechWebM/App/LeafSense/Frontend/node_modules/expo-modules-core/android/src/fabric -isystem C:/Users/maher/.gradle/caches/8.8/transforms/7ae4e699c1ae69bd207be2e4a6a586df/transformed/jetified-fbjni-0.6.0/prefab/modules/fbjni/include -isystem C:/Users/maher/.gradle/caches/8.8/transforms/f7e7d8e15b8dd6d3df49e4b533bc2e58/transformed/jetified-react-android-0.74.5-debug/prefab/modules/jsi/include -isystem C:/Users/maher/.gradle/caches/8.8/transforms/f7e7d8e15b8dd6d3df49e4b533bc2e58/transformed/jetified-react-android-0.74.5-debug/prefab/modules/reactnativejni/include -isystem C:/Users/maher/.gradle/caches/8.8/transforms/f7e7d8e15b8dd6d3df49e4b533bc2e58/transformed/jetified-react-android-0.74.5-debug/prefab/modules/folly_runtime/include -isystem C:/Users/maher/.gradle/caches/8.8/transforms/f7e7d8e15b8dd6d3df49e4b533bc2e58/transformed/jetified-react-android-0.74.5-debug/prefab/modules/react_nativemodule_core/include -g -DANDROID -fdata-sections -ffunction-sections -funwind-tables -fstack-protector-strong -no-canonical-prefixes -D_FORTIFY_SOURCE=2 -Wformat -Werror=format-security   -DREACT_NATIVE_TARGET_VERSION=74 -fno-limit-debug-info  -fPIC -DFOLLY_NO_CONFIG=1 -DFOLLY_HAVE_CLOCK_GETTIME=1 -DFOLLY_USE_LIBCPP=1 -DFOLLY_CFG_NO_COROUTINES=1 -DFOLLY_MOBILE=1 -DFOLLY_HAVE_RECVMMSG=1 -DFOLLY_HAVE_PTHREAD=1 -DFOLLY_HAVE_XSI_STRERROR_R=1 -O2 -frtti -fexceptions -Wall -fstack-protector-all -DUSE_HERMES=0 -DUNIT_TEST=0 -std=gnu++20 -MD -MT CMakeFiles/expo-modules-core.dir/src/main/cpp/WeakRuntimeHolder.cpp.o -MF CMakeFiles\expo-modules-core.dir\src\main\cpp\WeakRuntimeHolder.cpp.o.d -o CMakeFiles/expo-modules-core.dir/src/main/cpp/WeakRuntimeHolder.cpp.o -c E:/Projet/TechWebM/App/LeafSense/Frontend/node_modules/expo-modules-core/android/src/main/cpp/WeakRuntimeHolder.cpp
C/C++: 0.	Program arguments: C:\\Users\\maher\\AppData\\Local\\Android\\Sdk\\ndk\\26.1.10909125\\toolchains\\llvm\\prebuilt\\windows-x86_64\\bin\\clang++.exe --target=aarch64-none-linux-android23 --sysroot=C:/Users/maher/AppData/Local/Android/Sdk/ndk/26.1.10909125/toolchains/llvm/prebuilt/windows-x86_64/sysroot -Dexpo_modules_core_EXPORTS -IC:/Users/maher/.gradle/caches/8.8/transforms/f7e7d8e15b8dd6d3df49e4b533bc2e58/transformed/jetified-react-android-0.74.5-debug/prefab/modules/reactnativejni/include/react -IE:/Projet/TechWebM/App/LeafSense/Frontend/node_modules/react-native/ReactAndroid/src/main/jni/react/turbomodule -IE:/Projet/TechWebM/App/LeafSense/Frontend/node_modules/expo-modules-core/android/../common/cpp -IE:/Projet/TechWebM/App/LeafSense/Frontend/node_modules/expo-modules-core/android/src/fabric -isystem C:/Users/maher/.gradle/caches/8.8/transforms/7ae4e699c1ae69bd207be2e4a6a586df/transformed/jetified-fbjni-0.6.0/prefab/modules/fbjni/include -isystem C:/Users/maher/.gradle/caches/8.8/transforms/f7e7d8e15b8dd6d3df49e4b533bc2e58/transformed/jetified-react-android-0.74.5-debug/prefab/modules/jsi/include -isystem C:/Users/maher/.gradle/caches/8.8/transforms/f7e7d8e15b8dd6d3df49e4b533bc2e58/transformed/jetified-react-android-0.74.5-debug/prefab/modules/reactnativejni/include -isystem C:/Users/maher/.gradle/caches/8.8/transforms/f7e7d8e15b8dd6d3df49e4b533bc2e58/transformed/jetified-react-android-0.74.5-debug/prefab/modules/folly_runtime/include -isystem C:/Users/maher/.gradle/caches/8.8/transforms/f7e7d8e15b8dd6d3df49e4b533bc2e58/transformed/jetified-react-android-0.74.5-debug/prefab/modules/react_nativemodule_core/include -g -DANDROID -fdata-sections -ffunction-sections -funwind-tables -fstack-protector-strong -no-canonical-prefixes -D_FORTIFY_SOURCE=2 -Wformat -Werror=format-security -DREACT_NATIVE_TARGET_VERSION=74 -fno-limit-debug-info -fPIC -DFOLLY_NO_CONFIG=1 -DFOLLY_HAVE_CLOCK_GETTIME=1 -DFOLLY_USE_LIBCPP=1 -DFOLLY_CFG_NO_COROUTINES=1 -DFOLLY_MOBILE=1 -DFOLLY_HAVE_RECVMMSG=1 -DFOLLY_HAVE_PTHREAD=1 -DFOLLY_HAVE_XSI_STRERROR_R=1 -O2 -frtti -fexceptions -Wall -fstack-protector-all -DUSE_HERMES=0 -DUNIT_TEST=0 -std=gnu++20 -MD -MT CMakeFiles/expo-modules-core.dir/src/main/cpp/WeakRuntimeHolder.cpp.o -MF CMakeFiles\\expo-modules-core.dir\\src\\main\\cpp\\WeakRuntimeHolder.cpp.o.d -o CMakeFiles/expo-modules-core.dir/src/main/cpp/WeakRuntimeHolder.cpp.o -c E:/Projet/TechWebM/App/LeafSense/Frontend/node_modules/expo-modules-core/android/src/main/cpp/WeakRuntimeHolder.cpp
C/C++: clang++: error: clang frontend command failed due to signal (use -v to see invocation)
C/C++: Android (10552028, based on r487747d) clang version 17.0.2 (https://android.googlesource.com/toolchain/llvm-project d9f89f4d16663d5012e5c09495f3b30ece3d2362)
C/C++: Target: aarch64-none-linux-android23
C/C++: Thread model: posix
C/C++: InstalledDir: C:/Users/maher/AppData/Local/Android/Sdk/ndk/26.1.10909125/toolchains/llvm/prebuilt/windows-x86_64/bin
C/C++: clang++: note: diagnostic msg: 
C/C++: ********************
C/C++: PLEASE ATTACH THE FOLLOWING FILES TO THE BUG REPORT:
C/C++: Preprocessed source(s) and associated run script(s) are located at:
C/C++: clang++: note: diagnostic msg: C:/Users/maher/AppData/Local/Temp/WeakRuntimeHolder-2b8fbd.cpp
C/C++: clang++: note: diagnostic msg: C:/Users/maher/AppData/Local/Temp/WeakRuntimeHolder-2b8fbd.sh
C/C++: clang++: note: diagnostic msg: 
C/C++: ********************
C/C++: [7/16] Building CXX object CMakeFiles/expo-modules-core.dir/src/main/cpp/types/JNIToJSIConverter.cpp.o
C/C++: FAILED: CMakeFiles/expo-modules-core.dir/src/main/cpp/types/JNIToJSIConverter.cpp.o 
C/C++: C:\Users\maher\AppData\Local\Android\Sdk\ndk\26.1.10909125\toolchains\llvm\prebuilt\windows-x86_64\bin\clang++.exe --target=aarch64-none-linux-android23 --sysroot=C:/Users/maher/AppData/Local/Android/Sdk/ndk/26.1.10909125/toolchains/llvm/prebuilt/windows-x86_64/sysroot -Dexpo_modules_core_EXPORTS -IC:/Users/maher/.gradle/caches/8.8/transforms/f7e7d8e15b8dd6d3df49e4b533bc2e58/transformed/jetified-react-android-0.74.5-debug/prefab/modules/reactnativejni/include/react -IE:/Projet/TechWebM/App/LeafSense/Frontend/node_modules/react-native/ReactAndroid/src/main/jni/react/turbomodule -IE:/Projet/TechWebM/App/LeafSense/Frontend/node_modules/expo-modules-core/android/../common/cpp -IE:/Projet/TechWebM/App/LeafSense/Frontend/node_modules/expo-modules-core/android/src/fabric -isystem C:/Users/maher/.gradle/caches/8.8/transforms/7ae4e699c1ae69bd207be2e4a6a586df/transformed/jetified-fbjni-0.6.0/prefab/modules/fbjni/include -isystem C:/Users/maher/.gradle/caches/8.8/transforms/f7e7d8e15b8dd6d3df49e4b533bc2e58/transformed/jetified-react-android-0.74.5-debug/prefab/modules/jsi/include -isystem C:/Users/maher/.gradle/caches/8.8/transforms/f7e7d8e15b8dd6d3df49e4b533bc2e58/transformed/jetified-react-android-0.74.5-debug/prefab/modules/reactnativejni/include -isystem C:/Users/maher/.gradle/caches/8.8/transforms/f7e7d8e15b8dd6d3df49e4b533bc2e58/transformed/jetified-react-android-0.74.5-debug/prefab/modules/folly_runtime/include -isystem C:/Users/maher/.gradle/caches/8.8/transforms/f7e7d8e15b8dd6d3df49e4b533bc2e58/transformed/jetified-react-android-0.74.5-debug/prefab/modules/react_nativemodule_core/include -g -DANDROID -fdata-sections -ffunction-sections -funwind-tables -fstack-protector-strong -no-canonical-prefixes -D_FORTIFY_SOURCE=2 -Wformat -Werror=format-security   -DREACT_NATIVE_TARGET_VERSION=74 -fno-limit-debug-info  -fPIC -DFOLLY_NO_CONFIG=1 -DFOLLY_HAVE_CLOCK_GETTIME=1 -DFOLLY_USE_LIBCPP=1 -DFOLLY_CFG_NO_COROUTINES=1 -DFOLLY_MOBILE=1 -DFOLLY_HAVE_RECVMMSG=1 -DFOLLY_HAVE_PTHREAD=1 -DFOLLY_HAVE_XSI_STRERROR_R=1 -O2 -frtti -fexceptions -Wall -fstack-protector-all -DUSE_HERMES=0 -DUNIT_TEST=0 -std=gnu++20 -MD -MT CMakeFiles/expo-modules-core.dir/src/main/cpp/types/JNIToJSIConverter.cpp.o -MF CMakeFiles\expo-modules-core.dir\src\main\cpp\types\JNIToJSIConverter.cpp.o.d -o CMakeFiles/expo-modules-core.dir/src/main/cpp/types/JNIToJSIConverter.cpp.o -c E:/Projet/TechWebM/App/LeafSense/Frontend/node_modules/expo-modules-core/android/src/main/cpp/types/JNIToJSIConverter.cpp
C/C++: 0.	Program arguments: C:\\Users\\maher\\AppData\\Local\\Android\\Sdk\\ndk\\26.1.10909125\\toolchains\\llvm\\prebuilt\\windows-x86_64\\bin\\clang++.exe --target=aarch64-none-linux-android23 --sysroot=C:/Users/maher/AppData/Local/Android/Sdk/ndk/26.1.10909125/toolchains/llvm/prebuilt/windows-x86_64/sysroot -Dexpo_modules_core_EXPORTS -IC:/Users/maher/.gradle/caches/8.8/transforms/f7e7d8e15b8dd6d3df49e4b533bc2e58/transformed/jetified-react-android-0.74.5-debug/prefab/modules/reactnativejni/include/react -IE:/Projet/TechWebM/App/LeafSense/Frontend/node_modules/react-native/ReactAndroid/src/main/jni/react/turbomodule -IE:/Projet/TechWebM/App/LeafSense/Frontend/node_modules/expo-modules-core/android/../common/cpp -IE:/Projet/TechWebM/App/LeafSense/Frontend/node_modules/expo-modules-core/android/src/fabric -isystem C:/Users/maher/.gradle/caches/8.8/transforms/7ae4e699c1ae69bd207be2e4a6a586df/transformed/jetified-fbjni-0.6.0/prefab/modules/fbjni/include -isystem C:/Users/maher/.gradle/caches/8.8/transforms/f7e7d8e15b8dd6d3df49e4b533bc2e58/transformed/jetified-react-android-0.74.5-debug/prefab/modules/jsi/include -isystem C:/Users/maher/.gradle/caches/8.8/transforms/f7e7d8e15b8dd6d3df49e4b533bc2e58/transformed/jetified-react-android-0.74.5-debug/prefab/modules/reactnativejni/include -isystem C:/Users/maher/.gradle/caches/8.8/transforms/f7e7d8e15b8dd6d3df49e4b533bc2e58/transformed/jetified-react-android-0.74.5-debug/prefab/modules/folly_runtime/include -isystem C:/Users/maher/.gradle/caches/8.8/transforms/f7e7d8e15b8dd6d3df49e4b533bc2e58/transformed/jetified-react-android-0.74.5-debug/prefab/modules/react_nativemodule_core/include -g -DANDROID -fdata-sections -ffunction-sections -funwind-tables -fstack-protector-strong -no-canonical-prefixes -D_FORTIFY_SOURCE=2 -Wformat -Werror=format-security -DREACT_NATIVE_TARGET_VERSION=74 -fno-limit-debug-info -fPIC -DFOLLY_NO_CONFIG=1 -DFOLLY_HAVE_CLOCK_GETTIME=1 -DFOLLY_USE_LIBCPP=1 -DFOLLY_CFG_NO_COROUTINES=1 -DFOLLY_MOBILE=1 -DFOLLY_HAVE_RECVMMSG=1 -DFOLLY_HAVE_PTHREAD=1 -DFOLLY_HAVE_XSI_STRERROR_R=1 -O2 -frtti -fexceptions -Wall -fstack-protector-all -DUSE_HERMES=0 -DUNIT_TEST=0 -std=gnu++20 -MD -MT CMakeFiles/expo-modules-core.dir/src/main/cpp/types/JNIToJSIConverter.cpp.o -MF CMakeFiles\\expo-modules-core.dir\\src\\main\\cpp\\types\\JNIToJSIConverter.cpp.o.d -o CMakeFiles/expo-modules-core.dir/src/main/cpp/types/JNIToJSIConverter.cpp.o -c E:/Projet/TechWebM/App/LeafSense/Frontend/node_modules/expo-modules-core/android/src/main/cpp/types/JNIToJSIConverter.cpp
C/C++: clang++: error: clang frontend command failed due to signal (use -v to see invocation)
C/C++: Android (10552028, based on r487747d) clang version 17.0.2 (https://android.googlesource.com/toolchain/llvm-project d9f89f4d16663d5012e5c09495f3b30ece3d2362)
C/C++: Target: aarch64-none-linux-android23
C/C++: Thread model: posix
C/C++: InstalledDir: C:/Users/maher/AppData/Local/Android/Sdk/ndk/26.1.10909125/toolchains/llvm/prebuilt/windows-x86_64/bin
C/C++: clang++: note: diagnostic msg: 
C/C++: ********************
C/C++: PLEASE ATTACH THE FOLLOWING FILES TO THE BUG REPORT:
C/C++: Preprocessed source(s) and associated run script(s) are located at:
C/C++: clang++: note: diagnostic msg: C:/Users/maher/AppData/Local/Temp/JNIToJSIConverter-10978e.cpp
C/C++: clang++: note: diagnostic msg: C:/Users/maher/AppData/Local/Temp/JNIToJSIConverter-10978e.sh
C/C++: clang++: note: diagnostic msg: 
C/C++: ********************
C/C++: [8/16] Building CXX object CMakeFiles/expo-modules-core.dir/src/main/cpp/JNIInjector.cpp.o
C/C++: FAILED: CMakeFiles/expo-modules-core.dir/src/main/cpp/JNIInjector.cpp.o 
C/C++: C:\Users\maher\AppData\Local\Android\Sdk\ndk\26.1.10909125\toolchains\llvm\prebuilt\windows-x86_64\bin\clang++.exe --target=aarch64-none-linux-android23 --sysroot=C:/Users/maher/AppData/Local/Android/Sdk/ndk/26.1.10909125/toolchains/llvm/prebuilt/windows-x86_64/sysroot -Dexpo_modules_core_EXPORTS -IC:/Users/maher/.gradle/caches/8.8/transforms/f7e7d8e15b8dd6d3df49e4b533bc2e58/transformed/jetified-react-android-0.74.5-debug/prefab/modules/reactnativejni/include/react -IE:/Projet/TechWebM/App/LeafSense/Frontend/node_modules/react-native/ReactAndroid/src/main/jni/react/turbomodule -IE:/Projet/TechWebM/App/LeafSense/Frontend/node_modules/expo-modules-core/android/../common/cpp -IE:/Projet/TechWebM/App/LeafSense/Frontend/node_modules/expo-modules-core/android/src/fabric -isystem C:/Users/maher/.gradle/caches/8.8/transforms/7ae4e699c1ae69bd207be2e4a6a586df/transformed/jetified-fbjni-0.6.0/prefab/modules/fbjni/include -isystem C:/Users/maher/.gradle/caches/8.8/transforms/f7e7d8e15b8dd6d3df49e4b533bc2e58/transformed/jetified-react-android-0.74.5-debug/prefab/modules/jsi/include -isystem C:/Users/maher/.gradle/caches/8.8/transforms/f7e7d8e15b8dd6d3df49e4b533bc2e58/transformed/jetified-react-android-0.74.5-debug/prefab/modules/reactnativejni/include -isystem C:/Users/maher/.gradle/caches/8.8/transforms/f7e7d8e15b8dd6d3df49e4b533bc2e58/transformed/jetified-react-android-0.74.5-debug/prefab/modules/folly_runtime/include -isystem C:/Users/maher/.gradle/caches/8.8/transforms/f7e7d8e15b8dd6d3df49e4b533bc2e58/transformed/jetified-react-android-0.74.5-debug/prefab/modules/react_nativemodule_core/include -g -DANDROID -fdata-sections -ffunction-sections -funwind-tables -fstack-protector-strong -no-canonical-prefixes -D_FORTIFY_SOURCE=2 -Wformat -Werror=format-security   -DREACT_NATIVE_TARGET_VERSION=74 -fno-limit-debug-info  -fPIC -DFOLLY_NO_CONFIG=1 -DFOLLY_HAVE_CLOCK_GETTIME=1 -DFOLLY_USE_LIBCPP=1 -DFOLLY_CFG_NO_COROUTINES=1 -DFOLLY_MOBILE=1 -DFOLLY_HAVE_RECVMMSG=1 -DFOLLY_HAVE_PTHREAD=1 -DFOLLY_HAVE_XSI_STRERROR_R=1 -O2 -frtti -fexceptions -Wall -fstack-protector-all -DUSE_HERMES=0 -DUNIT_TEST=0 -std=gnu++20 -MD -MT CMakeFiles/expo-modules-core.dir/src/main/cpp/JNIInjector.cpp.o -MF CMakeFiles\expo-modules-core.dir\src\main\cpp\JNIInjector.cpp.o.d -o CMakeFiles/expo-modules-core.dir/src/main/cpp/JNIInjector.cpp.o -c E:/Projet/TechWebM/App/LeafSense/Frontend/node_modules/expo-modules-core/android/src/main/cpp/JNIInjector.cpp
C/C++: 0.	Program arguments: C:\\Users\\maher\\AppData\\Local\\Android\\Sdk\\ndk\\26.1.10909125\\toolchains\\llvm\\prebuilt\\windows-x86_64\\bin\\clang++.exe --target=aarch64-none-linux-android23 --sysroot=C:/Users/maher/AppData/Local/Android/Sdk/ndk/26.1.10909125/toolchains/llvm/prebuilt/windows-x86_64/sysroot -Dexpo_modules_core_EXPORTS -IC:/Users/maher/.gradle/caches/8.8/transforms/f7e7d8e15b8dd6d3df49e4b533bc2e58/transformed/jetified-react-android-0.74.5-debug/prefab/modules/reactnativejni/include/react -IE:/Projet/TechWebM/App/LeafSense/Frontend/node_modules/react-native/ReactAndroid/src/main/jni/react/turbomodule -IE:/Projet/TechWebM/App/LeafSense/Frontend/node_modules/expo-modules-core/android/../common/cpp -IE:/Projet/TechWebM/App/LeafSense/Frontend/node_modules/expo-modules-core/android/src/fabric -isystem C:/Users/maher/.gradle/caches/8.8/transforms/7ae4e699c1ae69bd207be2e4a6a586df/transformed/jetified-fbjni-0.6.0/prefab/modules/fbjni/include -isystem C:/Users/maher/.gradle/caches/8.8/transforms/f7e7d8e15b8dd6d3df49e4b533bc2e58/transformed/jetified-react-android-0.74.5-debug/prefab/modules/jsi/include -isystem C:/Users/maher/.gradle/caches/8.8/transforms/f7e7d8e15b8dd6d3df49e4b533bc2e58/transformed/jetified-react-android-0.74.5-debug/prefab/modules/reactnativejni/include -isystem C:/Users/maher/.gradle/caches/8.8/transforms/f7e7d8e15b8dd6d3df49e4b533bc2e58/transformed/jetified-react-android-0.74.5-debug/prefab/modules/folly_runtime/include -isystem C:/Users/maher/.gradle/caches/8.8/transforms/f7e7d8e15b8dd6d3df49e4b533bc2e58/transformed/jetified-react-android-0.74.5-debug/prefab/modules/react_nativemodule_core/include -g -DANDROID -fdata-sections -ffunction-sections -funwind-tables -fstack-protector-strong -no-canonical-prefixes -D_FORTIFY_SOURCE=2 -Wformat -Werror=format-security -DREACT_NATIVE_TARGET_VERSION=74 -fno-limit-debug-info -fPIC -DFOLLY_NO_CONFIG=1 -DFOLLY_HAVE_CLOCK_GETTIME=1 -DFOLLY_USE_LIBCPP=1 -DFOLLY_CFG_NO_COROUTINES=1 -DFOLLY_MOBILE=1 -DFOLLY_HAVE_RECVMMSG=1 -DFOLLY_HAVE_PTHREAD=1 -DFOLLY_HAVE_XSI_STRERROR_R=1 -O2 -frtti -fexceptions -Wall -fstack-protector-all -DUSE_HERMES=0 -DUNIT_TEST=0 -std=gnu++20 -MD -MT CMakeFiles/expo-modules-core.dir/src/main/cpp/JNIInjector.cpp.o -MF CMakeFiles\\expo-modules-core.dir\\src\\main\\cpp\\JNIInjector.cpp.o.d -o CMakeFiles/expo-modules-core.dir/src/main/cpp/JNIInjector.cpp.o -c E:/Projet/TechWebM/App/LeafSense/Frontend/node_modules/expo-modules-core/android/src/main/cpp/JNIInjector.cpp
C/C++: clang++: error: clang frontend command failed due to signal (use -v to see invocation)
C/C++: Android (10552028, based on r487747d) clang version 17.0.2 (https://android.googlesource.com/toolchain/llvm-project d9f89f4d16663d5012e5c09495f3b30ece3d2362)
C/C++: Target: aarch64-none-linux-android23
C/C++: Thread model: posix
C/C++: InstalledDir: C:/Users/maher/AppData/Local/Android/Sdk/ndk/26.1.10909125/toolchains/llvm/prebuilt/windows-x86_64/bin
C/C++: clang++: note: diagnostic msg: 
C/C++: ********************
C/C++: PLEASE ATTACH THE FOLLOWING FILES TO THE BUG REPORT:
C/C++: Preprocessed source(s) and associated run script(s) are located at:
C/C++: clang++: note: diagnostic msg: C:/Users/maher/AppData/Local/Temp/JNIInjector-161e69.cpp
C/C++: clang++: note: diagnostic msg: C:/Users/maher/AppData/Local/Temp/JNIInjector-161e69.sh
C/C++: clang++: note: diagnostic msg: 
C/C++: ********************
C/C++: [9/16] Building CXX object CMakeFiles/expo-modules-core.dir/src/main/cpp/JavaScriptObject.cpp.o
C/C++: FAILED: CMakeFiles/expo-modules-core.dir/src/main/cpp/JavaScriptObject.cpp.o 
C/C++: C:\Users\maher\AppData\Local\Android\Sdk\ndk\26.1.10909125\toolchains\llvm\prebuilt\windows-x86_64\bin\clang++.exe --target=aarch64-none-linux-android23 --sysroot=C:/Users/maher/AppData/Local/Android/Sdk/ndk/26.1.10909125/toolchains/llvm/prebuilt/windows-x86_64/sysroot -Dexpo_modules_core_EXPORTS -IC:/Users/maher/.gradle/caches/8.8/transforms/f7e7d8e15b8dd6d3df49e4b533bc2e58/transformed/jetified-react-android-0.74.5-debug/prefab/modules/reactnativejni/include/react -IE:/Projet/TechWebM/App/LeafSense/Frontend/node_modules/react-native/ReactAndroid/src/main/jni/react/turbomodule -IE:/Projet/TechWebM/App/LeafSense/Frontend/node_modules/expo-modules-core/android/../common/cpp -IE:/Projet/TechWebM/App/LeafSense/Frontend/node_modules/expo-modules-core/android/src/fabric -isystem C:/Users/maher/.gradle/caches/8.8/transforms/7ae4e699c1ae69bd207be2e4a6a586df/transformed/jetified-fbjni-0.6.0/prefab/modules/fbjni/include -isystem C:/Users/maher/.gradle/caches/8.8/transforms/f7e7d8e15b8dd6d3df49e4b533bc2e58/transformed/jetified-react-android-0.74.5-debug/prefab/modules/jsi/include -isystem C:/Users/maher/.gradle/caches/8.8/transforms/f7e7d8e15b8dd6d3df49e4b533bc2e58/transformed/jetified-react-android-0.74.5-debug/prefab/modules/reactnativejni/include -isystem C:/Users/maher/.gradle/caches/8.8/transforms/f7e7d8e15b8dd6d3df49e4b533bc2e58/transformed/jetified-react-android-0.74.5-debug/prefab/modules/folly_runtime/include -isystem C:/Users/maher/.gradle/caches/8.8/transforms/f7e7d8e15b8dd6d3df49e4b533bc2e58/transformed/jetified-react-android-0.74.5-debug/prefab/modules/react_nativemodule_core/include -g -DANDROID -fdata-sections -ffunction-sections -funwind-tables -fstack-protector-strong -no-canonical-prefixes -D_FORTIFY_SOURCE=2 -Wformat -Werror=format-security   -DREACT_NATIVE_TARGET_VERSION=74 -fno-limit-debug-info  -fPIC -DFOLLY_NO_CONFIG=1 -DFOLLY_HAVE_CLOCK_GETTIME=1 -DFOLLY_USE_LIBCPP=1 -DFOLLY_CFG_NO_COROUTINES=1 -DFOLLY_MOBILE=1 -DFOLLY_HAVE_RECVMMSG=1 -DFOLLY_HAVE_PTHREAD=1 -DFOLLY_HAVE_XSI_STRERROR_R=1 -O2 -frtti -fexceptions -Wall -fstack-protector-all -DUSE_HERMES=0 -DUNIT_TEST=0 -std=gnu++20 -MD -MT CMakeFiles/expo-modules-core.dir/src/main/cpp/JavaScriptObject.cpp.o -MF CMakeFiles\expo-modules-core.dir\src\main\cpp\JavaScriptObject.cpp.o.d -o CMakeFiles/expo-modules-core.dir/src/main/cpp/JavaScriptObject.cpp.o -c E:/Projet/TechWebM/App/LeafSense/Frontend/node_modules/expo-modules-core/android/src/main/cpp/JavaScriptObject.cpp
C/C++: 0.	Program arguments: C:\\Users\\maher\\AppData\\Local\\Android\\Sdk\\ndk\\26.1.10909125\\toolchains\\llvm\\prebuilt\\windows-x86_64\\bin\\clang++.exe --target=aarch64-none-linux-android23 --sysroot=C:/Users/maher/AppData/Local/Android/Sdk/ndk/26.1.10909125/toolchains/llvm/prebuilt/windows-x86_64/sysroot -Dexpo_modules_core_EXPORTS -IC:/Users/maher/.gradle/caches/8.8/transforms/f7e7d8e15b8dd6d3df49e4b533bc2e58/transformed/jetified-react-android-0.74.5-debug/prefab/modules/reactnativejni/include/react -IE:/Projet/TechWebM/App/LeafSense/Frontend/node_modules/react-native/ReactAndroid/src/main/jni/react/turbomodule -IE:/Projet/TechWebM/App/LeafSense/Frontend/node_modules/expo-modules-core/android/../common/cpp -IE:/Projet/TechWebM/App/LeafSense/Frontend/node_modules/expo-modules-core/android/src/fabric -isystem C:/Users/maher/.gradle/caches/8.8/transforms/7ae4e699c1ae69bd207be2e4a6a586df/transformed/jetified-fbjni-0.6.0/prefab/modules/fbjni/include -isystem C:/Users/maher/.gradle/caches/8.8/transforms/f7e7d8e15b8dd6d3df49e4b533bc2e58/transformed/jetified-react-android-0.74.5-debug/prefab/modules/jsi/include -isystem C:/Users/maher/.gradle/caches/8.8/transforms/f7e7d8e15b8dd6d3df49e4b533bc2e58/transformed/jetified-react-android-0.74.5-debug/prefab/modules/reactnativejni/include -isystem C:/Users/maher/.gradle/caches/8.8/transforms/f7e7d8e15b8dd6d3df49e4b533bc2e58/transformed/jetified-react-android-0.74.5-debug/prefab/modules/folly_runtime/include -isystem C:/Users/maher/.gradle/caches/8.8/transforms/f7e7d8e15b8dd6d3df49e4b533bc2e58/transformed/jetified-react-android-0.74.5-debug/prefab/modules/react_nativemodule_core/include -g -DANDROID -fdata-sections -ffunction-sections -funwind-tables -fstack-protector-strong -no-canonical-prefixes -D_FORTIFY_SOURCE=2 -Wformat -Werror=format-security -DREACT_NATIVE_TARGET_VERSION=74 -fno-limit-debug-info -fPIC -DFOLLY_NO_CONFIG=1 -DFOLLY_HAVE_CLOCK_GETTIME=1 -DFOLLY_USE_LIBCPP=1 -DFOLLY_CFG_NO_COROUTINES=1 -DFOLLY_MOBILE=1 -DFOLLY_HAVE_RECVMMSG=1 -DFOLLY_HAVE_PTHREAD=1 -DFOLLY_HAVE_XSI_STRERROR_R=1 -O2 -frtti -fexceptions -Wall -fstack-protector-all -DUSE_HERMES=0 -DUNIT_TEST=0 -std=gnu++20 -MD -MT CMakeFiles/expo-modules-core.dir/src/main/cpp/JavaScriptObject.cpp.o -MF CMakeFiles\\expo-modules-core.dir\\src\\main\\cpp\\JavaScriptObject.cpp.o.d -o CMakeFiles/expo-modules-core.dir/src/main/cpp/JavaScriptObject.cpp.o -c E:/Projet/TechWebM/App/LeafSense/Frontend/node_modules/expo-modules-core/android/src/main/cpp/JavaScriptObject.cpp
C/C++: clang++: error: clang frontend command failed due to signal (use -v to see invocation)
C/C++: Android (10552028, based on r487747d) clang version 17.0.2 (https://android.googlesource.com/toolchain/llvm-project d9f89f4d16663d5012e5c09495f3b30ece3d2362)
C/C++: Target: aarch64-none-linux-android23
C/C++: Thread model: posix
C/C++: InstalledDir: C:/Users/maher/AppData/Local/Android/Sdk/ndk/26.1.10909125/toolchains/llvm/prebuilt/windows-x86_64/bin
C/C++: clang++: note: diagnostic msg: 
C/C++: ********************
C/C++: PLEASE ATTACH THE FOLLOWING FILES TO THE BUG REPORT:
C/C++: Preprocessed source(s) and associated run script(s) are located at:
C/C++: clang++: note: diagnostic msg: C:/Users/maher/AppData/Local/Temp/JavaScriptObject-a0a39a.cpp
C/C++: clang++: note: diagnostic msg: C:/Users/maher/AppData/Local/Temp/JavaScriptObject-a0a39a.sh
C/C++: clang++: note: diagnostic msg: 
C/C++: ********************
C/C++: [10/16] Building CXX object CMakeFiles/expo-modules-core.dir/src/main/cpp/types/AnyType.cpp.o
C/C++: [11/16] Building CXX object CMakeFiles/expo-modules-core.dir/src/main/cpp/Exceptions.cpp.o
C/C++: [12/16] Building CXX object CMakeFiles/expo-modules-core.dir/src/main/cpp/JavaScriptFunction.cpp.o
C/C++: [13/16] Building CXX object CMakeFiles/expo-modules-core.dir/src/main/cpp/types/FrontendConverter.cpp.o
C/C++: [14/16] Building CXX object CMakeFiles/expo-modules-core.dir/src/main/cpp/JavaCallback.cpp.o
C/C++: ninja: build stopped: subcommand failed.

> Task :expo-modules-core:buildCMakeDebug[arm64-v8a] FAILED

FAILURE: Build failed with an exception.

* What went wrong:
Execution failed for task ':expo-modules-core:buildCMakeDebug[arm64-v8a]'.
> com.android.ide.common.process.ProcessException: ninja: Entering directory `E:\Projet\TechWebM\App\LeafSense\Frontend\node_modules\expo-modules-core\android\.cxx\Debug\54452c5j\arm64-v8a'
  [1/16] Building CXX object CMakeFiles/expo-modules-core.dir/src/main/cpp/MethodMetadata.cpp.o
  FAILED: CMakeFiles/expo-modules-core.dir/src/main/cpp/MethodMetadata.cpp.o 
  C:\Users\maher\AppData\Local\Android\Sdk\ndk\26.1.10909125\toolchains\llvm\prebuilt\windows-x86_64\bin\clang++.exe --target=aarch64-none-linux-android23 --sysroot=C:/Users/maher/AppData/Local/Android/Sdk/ndk/26.1.10909125/toolchains/llvm/prebuilt/windows-x86_64/sysroot -Dexpo_modules_core_EXPORTS -IC:/Users/maher/.gradle/caches/8.8/transforms/f7e7d8e15b8dd6d3df49e4b533bc2e58/transformed/jetified-react-android-0.74.5-debug/prefab/modules/reactnativejni/include/react -IE:/Projet/TechWebM/App/LeafSense/Frontend/node_modules/react-native/ReactAndroid/src/main/jni/react/turbomodule -IE:/Projet/TechWebM/App/LeafSense/Frontend/node_modules/expo-modules-core/android/../common/cpp -IE:/Projet/TechWebM/App/LeafSense/Frontend/node_modules/expo-modules-core/android/src/fabric -isystem C:/Users/maher/.gradle/caches/8.8/transforms/7ae4e699c1ae69bd207be2e4a6a586df/transformed/jetified-fbjni-0.6.0/prefab/modules/fbjni/include -isystem C:/Users/maher/.gradle/caches/8.8/transforms/f7e7d8e15b8dd6d3df49e4b533bc2e58/transformed/jetified-react-android-0.74.5-debug/prefab/modules/jsi/include -isystem C:/Users/maher/.gradle/caches/8.8/transforms/f7e7d8e15b8dd6d3df49e4b533bc2e58/transformed/jetified-react-android-0.74.5-debug/prefab/modules/reactnativejni/include -isystem C:/Users/maher/.gradle/caches/8.8/transforms/f7e7d8e15b8dd6d3df49e4b533bc2e58/transformed/jetified-react-android-0.74.5-debug/prefab/modules/folly_runtime/include -isystem C:/Users/maher/.gradle/caches/8.8/transforms/f7e7d8e15b8dd6d3df49e4b533bc2e58/transformed/jetified-react-android-0.74.5-debug/prefab/modules/react_nativemodule_core/include -g -DANDROID -fdata-sections -ffunction-sections -funwind-tables -fstack-protector-strong -no-canonical-prefixes -D_FORTIFY_SOURCE=2 -Wformat -Werror=format-security   -DREACT_NATIVE_TARGET_VERSION=74 -fno-limit-debug-info  -fPIC -DFOLLY_NO_CONFIG=1 -DFOLLY_HAVE_CLOCK_GETTIME=1 -DFOLLY_USE_LIBCPP=1 -DFOLLY_CFG_NO_COROUTINES=1 -DFOLLY_MOBILE=1 -DFOLLY_HAVE_RECVMMSG=1 -DFOLLY_HAVE_PTHREAD=1 -DFOLLY_HAVE_XSI_STRERROR_R=1 -O2 -frtti -fexceptions -Wall -fstack-protector-all -DUSE_HERMES=0 -DUNIT_TEST=0 -std=gnu++20 -MD -MT CMakeFiles/expo-modules-core.dir/src/main/cpp/MethodMetadata.cpp.o -MF CMakeFiles\expo-modules-core.dir\src\main\cpp\MethodMetadata.cpp.o.d -o CMakeFiles/expo-modules-core.dir/src/main/cpp/MethodMetadata.cpp.o -c E:/Projet/TechWebM/App/LeafSense/Frontend/node_modules/expo-modules-core/android/src/main/cpp/MethodMetadata.cpp
  LLVM ERROR: out of memory
  Allocation failed
  PLEASE submit a bug report to https://github.com/android-ndk/ndk/issues and include the crash backtrace, preprocessed source, and associated run script.
  Stack dump:
  0.	Program arguments: C:\\Users\\maher\\AppData\\Local\\Android\\Sdk\\ndk\\26.1.10909125\\toolchains\\llvm\\prebuilt\\windows-x86_64\\bin\\clang++.exe --target=aarch64-none-linux-android23 --sysroot=C:/Users/maher/AppData/Local/Android/Sdk/ndk/26.1.10909125/toolchains/llvm/prebuilt/windows-x86_64/sysroot -Dexpo_modules_core_EXPORTS -IC:/Users/maher/.gradle/caches/8.8/transforms/f7e7d8e15b8dd6d3df49e4b533bc2e58/transformed/jetified-react-android-0.74.5-debug/prefab/modules/reactnativejni/include/react -IE:/Projet/TechWebM/App/LeafSense/Frontend/node_modules/react-native/ReactAndroid/src/main/jni/react/turbomodule -IE:/Projet/TechWebM/App/LeafSense/Frontend/node_modules/expo-modules-core/android/../common/cpp -IE:/Projet/TechWebM/App/LeafSense/Frontend/node_modules/expo-modules-core/android/src/fabric -isystem C:/Users/maher/.gradle/caches/8.8/transforms/7ae4e699c1ae69bd207be2e4a6a586df/transformed/jetified-fbjni-0.6.0/prefab/modules/fbjni/include -isystem C:/Users/maher/.gradle/caches/8.8/transforms/f7e7d8e15b8dd6d3df49e4b533bc2e58/transformed/jetified-react-android-0.74.5-debug/prefab/modules/jsi/include -isystem C:/Users/maher/.gradle/caches/8.8/transforms/f7e7d8e15b8dd6d3df49e4b533bc2e58/transformed/jetified-react-android-0.74.5-debug/prefab/modules/reactnativejni/include -isystem C:/Users/maher/.gradle/caches/8.8/transforms/f7e7d8e15b8dd6d3df49e4b533bc2e58/transformed/jetified-react-android-0.74.5-debug/prefab/modules/folly_runtime/include -isystem C:/Users/maher/.gradle/caches/8.8/transforms/f7e7d8e15b8dd6d3df49e4b533bc2e58/transformed/jetified-react-android-0.74.5-debug/prefab/modules/react_nativemodule_core/include -g -DANDROID -fdata-sections -ffunction-sections -funwind-tables -fstack-protector-strong -no-canonical-prefixes -D_FORTIFY_SOURCE=2 -Wformat -Werror=format-security -DREACT_NATIVE_TARGET_VERSION=74 -fno-limit-debug-info -fPIC -DFOLLY_NO_CONFIG=1 -DFOLLY_HAVE_CLOCK_GETTIME=1 -DFOLLY_USE_LIBCPP=1 -DFOLLY_CFG_NO_COROUTINES=1 -DFOLLY_MOBILE=1 -DFOLLY_HAVE_RECVMMSG=1 -DFOLLY_HAVE_PTHREAD=1 -DFOLLY_HAVE_XSI_STRERROR_R=1 -O2 -frtti -fexceptions -Wall -fstack-protector-all -DUSE_HERMES=0 -DUNIT_TEST=0 -std=gnu++20 -MD -MT CMakeFiles/expo-modules-core.dir/src/main/cpp/MethodMetadata.cpp.o -MF CMakeFiles\\expo-modules-core.dir\\src\\main\\cpp\\MethodMetadata.cpp.o.d -o CMakeFiles/expo-modules-core.dir/src/main/cpp/MethodMetadata.cpp.o -c E:/Projet/TechWebM/App/LeafSense/Frontend/node_modules/expo-modules-core/android/src/main/cpp/MethodMetadata.cpp
  1.	C:/Users/maher/.gradle/caches/8.8/transforms/7ae4e699c1ae69bd207be2e4a6a586df/transformed/jetified-fbjni-0.6.0/prefab/modules/fbjni/include/fbjni/detail/Hybrid.h:88:63: current parser token '{'
  2.	C:/Users/maher/.gradle/caches/8.8/transforms/7ae4e699c1ae69bd207be2e4a6a586df/transformed/jetified-fbjni-0.6.0/prefab/modules/fbjni/include/fbjni/detail/Hybrid.h:26:1: parsing namespace 'facebook'
  3.	C:/Users/maher/.gradle/caches/8.8/transforms/7ae4e699c1ae69bd207be2e4a6a586df/transformed/jetified-fbjni-0.6.0/prefab/modules/fbjni/include/fbjni/detail/Hybrid.h:27:1: parsing namespace 'facebook::jni'
  4.	C:/Users/maher/.gradle/caches/8.8/transforms/7ae4e699c1ae69bd207be2e4a6a586df/transformed/jetified-fbjni-0.6.0/prefab/modules/fbjni/include/fbjni/detail/Hybrid.h:29:1: parsing namespace 'facebook::jni::detail'
  5.	C:/Users/maher/.gradle/caches/8.8/transforms/7ae4e699c1ae69bd207be2e4a6a586df/transformed/jetified-fbjni-0.6.0/prefab/modules/fbjni/include/fbjni/detail/References-forward.h:61:7: instantiating class definition 'facebook::jni::basic_strong_ref<facebook::jni::detail::JTypeFor<facebook::jni::detail::HybridDestructor, facebook::jni::JObject, void>::_javaobject *, facebook::jni::LocalReferenceAllocator>'
  6.	C:/Users/maher/.gradle/caches/8.8/transforms/7ae4e699c1ae69bd207be2e4a6a586df/transformed/jetified-fbjni-0.6.0/prefab/modules/fbjni/include/fbjni/detail/References.h:342:7: instantiating class definition 'facebook::jni::base_owned_ref<facebook::jni::detail::JTypeFor<facebook::jni::detail::HybridDestructor, facebook::jni::JObject, void>::_javaobject *, facebook::jni::LocalReferenceAllocator>'
  7.	C:/Users/maher/.gradle/caches/8.8/transforms/7ae4e699c1ae69bd207be2e4a6a586df/transformed/jetified-fbjni-0.6.0/prefab/modules/fbjni/include/fbjni/detail/References-forward.h:33:8: instantiating class definition 'facebook::jni::detail::RefReprType<facebook::jni::detail::JTypeFor<facebook::jni::detail::HybridDestructor, facebook::jni::JObject, void>::_javaobject *>'
  Exception Code: 0xC000001D
   #0 0x00007ff6bbde6096 (C:\Users\maher\AppData\Local\Android\Sdk\ndk\26.1.10909125\toolchains\llvm\prebuilt\windows-x86_64\bin\clang++.exe+0x586096)
   #1 0x00007ff8f5b42139 (C:\WINDOWS\System32\ucrtbase.dll+0xc2139)
   #2 0x00007ff8f5b25261 (C:\WINDOWS\System32\ucrtbase.dll+0xa5261)
   #3 0x00007ff6bbdaef15 (C:\Users\maher\AppData\Local\Android\Sdk\ndk\26.1.10909125\toolchains\llvm\prebuilt\windows-x86_64\bin\clang++.exe+0x54ef15)
   #4 0x00007ff6bbdb3793 (C:\Users\maher\AppData\Local\Android\Sdk\ndk\26.1.10909125\toolchains\llvm\prebuilt\windows-x86_64\bin\clang++.exe+0x553793)
   #5 0x00007ff6bcd0d6fd (C:\Users\maher\AppData\Local\Android\Sdk\ndk\26.1.10909125\toolchains\llvm\prebuilt\windows-x86_64\bin\clang++.exe+0x14ad6fd)
   #6 0x00007ff6be5ebf89 (C:\Users\maher\AppData\Local\Android\Sdk\ndk\26.1.10909125\toolchains\llvm\prebuilt\windows-x86_64\bin\clang++.exe+0x2d8bf89)
   #7 0x00007ff6be5c70e7 (C:\Users\maher\AppData\Local\Android\Sdk\ndk\26.1.10909125\toolchains\llvm\prebuilt\windows-x86_64\bin\clang++.exe+0x2d670e7)
   #8 0x00007ff6be5c699e (C:\Users\maher\AppData\Local\Android\Sdk\ndk\26.1.10909125\toolchains\llvm\prebuilt\windows-x86_64\bin\clang++.exe+0x2d6699e)
   #9 0x00007ff6be5deecb (C:\Users\maher\AppData\Local\Android\Sdk\ndk\26.1.10909125\toolchains\llvm\prebuilt\windows-x86_64\bin\clang++.exe+0x2d7eecb)
  #10 0x00007ff6be5ce2c6 (C:\Users\maher\AppData\Local\Android\Sdk\ndk\26.1.10909125\toolchains\llvm\prebuilt\windows-x86_64\bin\clang++.exe+0x2d6e2c6)
  #11 0x00007ff6be5da06a (C:\Users\maher\AppData\Local\Android\Sdk\ndk\26.1.10909125\toolchains\llvm\prebuilt\windows-x86_64\bin\clang++.exe+0x2d7a06a)
  #12 0x00007ff6be5d5006 (C:\Users\maher\AppData\Local\Android\Sdk\ndk\26.1.10909125\toolchains\llvm\prebuilt\windows-x86_64\bin\clang++.exe+0x2d75006)
  #13 0x00007ff6be5ce884 (C:\Users\maher\AppData\Local\Android\Sdk\ndk\26.1.10909125\toolchains\llvm\prebuilt\windows-x86_64\bin\clang++.exe+0x2d6e884)
  #14 0x00007ff6be475d23 (C:\Users\maher\AppData\Local\Android\Sdk\ndk\26.1.10909125\toolchains\llvm\prebuilt\windows-x86_64\bin\clang++.exe+0x2c15d23)
  #15 0x00007ff6be5cac6d (C:\Users\maher\AppData\Local\Android\Sdk\ndk\26.1.10909125\toolchains\llvm\prebuilt\windows-x86_64\bin\clang++.exe+0x2d6ac6d)
  #16 0x00007ff6be5ccab5 (C:\Users\maher\AppData\Local\Android\Sdk\ndk\26.1.10909125\toolchains\llvm\prebuilt\windows-x86_64\bin\clang++.exe+0x2d6cab5)
  #17 0x00007ff6be535271 (C:\Users\maher\AppData\Local\Android\Sdk\ndk\26.1.10909125\toolchains\llvm\prebuilt\windows-x86_64\bin\clang++.exe+0x2cd5271)
  #18 0x00007ff6bcec505e (C:\Users\maher\AppData\Local\Android\Sdk\ndk\26.1.10909125\toolchains\llvm\prebuilt\windows-x86_64\bin\clang++.exe+0x166505e)
  #19 0x00007ff6be52407c (C:\Users\maher\AppData\Local\Android\Sdk\ndk\26.1.10909125\toolchains\llvm\prebuilt\windows-x86_64\bin\clang++.exe+0x2cc407c)
  #20 0x00007ff6be52397c (C:\Users\maher\AppData\Local\Android\Sdk\ndk\26.1.10909125\toolchains\llvm\prebuilt\windows-x86_64\bin\clang++.exe+0x2cc397c)
  #21 0x00007ff6be7a2c10 (C:\Users\maher\AppData\Local\Android\Sdk\ndk\26.1.10909125\toolchains\llvm\prebuilt\windows-x86_64\bin\clang++.exe+0x2f42c10)
  #22 0x00007ff6bf33b588 (C:\Users\maher\AppData\Local\Android\Sdk\ndk\26.1.10909125\toolchains\llvm\prebuilt\windows-x86_64\bin\clang++.exe+0x3adb588)
  #23 0x00007ff6be5e828f (C:\Users\maher\AppData\Local\Android\Sdk\ndk\26.1.10909125\toolchains\llvm\prebuilt\windows-x86_64\bin\clang++.exe+0x2d8828f)
  #24 0x00007ff6be5c707b (C:\Users\maher\AppData\Local\Android\Sdk\ndk\26.1.10909125\toolchains\llvm\prebuilt\windows-x86_64\bin\clang++.exe+0x2d6707b)
  #25 0x00007ff6be5c699e (C:\Users\maher\AppData\Local\Android\Sdk\ndk\26.1.10909125\toolchains\llvm\prebuilt\windows-x86_64\bin\clang++.exe+0x2d6699e)
  #26 0x00007ff6be5c7608 (C:\Users\maher\AppData\Local\Android\Sdk\ndk\26.1.10909125\toolchains\llvm\prebuilt\windows-x86_64\bin\clang++.exe+0x2d67608)
  #27 0x00007ff6bf32271c (C:\Users\maher\AppData\Local\Android\Sdk\ndk\26.1.10909125\toolchains\llvm\prebuilt\windows-x86_64\bin\clang++.exe+0x3ac271c)
  #28 0x00007ff6be5de1a3 (C:\Users\maher\AppData\Local\Android\Sdk\ndk\26.1.10909125\toolchains\llvm\prebuilt\windows-x86_64\bin\clang++.exe+0x2d7e1a3)
  #29 0x00007ff6be5edefe (C:\Users\maher\AppData\Local\Android\Sdk\ndk\26.1.10909125\toolchains\llvm\prebuilt\windows-x86_64\bin\clang++.exe+0x2d8defe)
  #30 0x00007ff6be5c6db4 (C:\Users\maher\AppData\Local\Android\Sdk\ndk\26.1.10909125\toolchains\llvm\prebuilt\windows-x86_64\bin\clang++.exe+0x2d66db4)
  #31 0x00007ff6be5ebb15 (C:\Users\maher\AppData\Local\Android\Sdk\ndk\26.1.10909125\toolchains\llvm\prebuilt\windows-x86_64\bin\clang++.exe+0x2d8bb15)
  #32 0x00007ff6be5c70e7 (C:\Users\maher\AppData\Local\Android\Sdk\ndk\26.1.10909125\toolchains\llvm\prebuilt\windows-x86_64\bin\clang++.exe+0x2d670e7)
  #33 0x00007ff6be5c699e (C:\Users\maher\AppData\Local\Android\Sdk\ndk\26.1.10909125\toolchains\llvm\prebuilt\windows-x86_64\bin\clang++.exe+0x2d6699e)
  #34 0x00007ff6be5c66a9 (C:\Users\maher\AppData\Local\Android\Sdk\ndk\26.1.10909125\toolchains\llvm\prebuilt\windows-x86_64\bin\clang++.exe+0x2d666a9)
  #35 0x00007ff6be4725cd (C:\Users\maher\AppData\Local\Android\Sdk\ndk\26.1.10909125\toolchains\llvm\prebuilt\windows-x86_64\bin\clang++.exe+0x2c125cd)
  #36 0x00007ff6be47596a (C:\Users\maher\AppData\Local\Android\Sdk\ndk\26.1.10909125\toolchains\llvm\prebuilt\windows-x86_64\bin\clang++.exe+0x2c1596a)
  #37 0x00007ff6be5cac6d (C:\Users\maher\AppData\Local\Android\Sdk\ndk\26.1.10909125\toolchains\llvm\prebuilt\windows-x86_64\bin\clang++.exe+0x2d6ac6d)
  #38 0x00007ff6be5ccab5 (C:\Users\maher\AppData\Local\Android\Sdk\ndk\26.1.10909125\toolchains\llvm\prebuilt\windows-x86_64\bin\clang++.exe+0x2d6cab5)
  #39 0x00007ff6be535271 (C:\Users\maher\AppData\Local\Android\Sdk\ndk\26.1.10909125\toolchains\llvm\prebuilt\windows-x86_64\bin\clang++.exe+0x2cd5271)
  #40 0x00007ff6bcec505e (C:\Users\maher\AppData\Local\Android\Sdk\ndk\26.1.10909125\toolchains\llvm\prebuilt\windows-x86_64\bin\clang++.exe+0x166505e)
  #41 0x00007ff6be52407c (C:\Users\maher\AppData\Local\Android\Sdk\ndk\26.1.10909125\toolchains\llvm\prebuilt\windows-x86_64\bin\clang++.exe+0x2cc407c)
  #42 0x00007ff6be52397c (C:\Users\maher\AppData\Local\Android\Sdk\ndk\26.1.10909125\toolchains\llvm\prebuilt\windows-x86_64\bin\clang++.exe+0x2cc397c)
  #43 0x00007ff6be4039f3 (C:\Users\maher\AppData\Local\Android\Sdk\ndk\26.1.10909125\toolchains\llvm\prebuilt\windows-x86_64\bin\clang++.exe+0x2ba39f3)
  #44 0x00007ff6be5ca472 (C:\Users\maher\AppData\Local\Android\Sdk\ndk\26.1.10909125\toolchains\llvm\prebuilt\windows-x86_64\bin\clang++.exe+0x2d6a472)
  #45 0x00007ff6be5caad1 (C:\Users\maher\AppData\Local\Android\Sdk\ndk\26.1.10909125\toolchains\llvm\prebuilt\windows-x86_64\bin\clang++.exe+0x2d6aad1)
  #46 0x00007ff6be5ccab5 (C:\Users\maher\AppData\Local\Android\Sdk\ndk\26.1.10909125\toolchains\llvm\prebuilt\windows-x86_64\bin\clang++.exe+0x2d6cab5)
  #47 0x00007ff6be535271 (C:\Users\maher\AppData\Local\Android\Sdk\ndk\26.1.10909125\toolchains\llvm\prebuilt\windows-x86_64\bin\clang++.exe+0x2cd5271)
  #48 0x00007ff6bcec505e (C:\Users\maher\AppData\Local\Android\Sdk\ndk\26.1.10909125\toolchains\llvm\prebuilt\windows-x86_64\bin\clang++.exe+0x166505e)
  #49 0x00007ff6be52407c (C:\Users\maher\AppData\Local\Android\Sdk\ndk\26.1.10909125\toolchains\llvm\prebuilt\windows-x86_64\bin\clang++.exe+0x2cc407c)
  #50 0x00007ff6be52397c (C:\Users\maher\AppData\Local\Android\Sdk\ndk\26.1.10909125\toolchains\llvm\prebuilt\windows-x86_64\bin\clang++.exe+0x2cc397c)
  #51 0x00007ff6be524747 (C:\Users\maher\AppData\Local\Android\Sdk\ndk\26.1.10909125\toolchains\llvm\prebuilt\windows-x86_64\bin\clang++.exe+0x2cc4747)
  #52 0x00007ff6be29041e (C:\Users\maher\AppData\Local\Android\Sdk\ndk\26.1.10909125\toolchains\llvm\prebuilt\windows-x86_64\bin\clang++.exe+0x2a3041e)
  #53 0x00007ff6be28fb98 (C:\Users\maher\AppData\Local\Android\Sdk\ndk\26.1.10909125\toolchains\llvm\prebuilt\windows-x86_64\bin\clang++.exe+0x2a2fb98)
  #54 0x00007ff6bf739687 (C:\Users\maher\AppData\Local\Android\Sdk\ndk\26.1.10909125\toolchains\llvm\prebuilt\windows-x86_64\bin\clang++.exe+0x3ed9687)
  #55 0x00007ff6bfeb32bd (C:\Users\maher\AppData\Local\Android\Sdk\ndk\26.1.10909125\toolchains\llvm\prebuilt\windows-x86_64\bin\clang++.exe+0x46532bd)
  #56 0x00007ff6bfeb158c (C:\Users\maher\AppData\Local\Android\Sdk\ndk\26.1.10909125\toolchains\llvm\prebuilt\windows-x86_64\bin\clang++.exe+0x465158c)
  #57 0x00007ff6bfeb0ef6 (C:\Users\maher\AppData\Local\Android\Sdk\ndk\26.1.10909125\toolchains\llvm\prebuilt\windows-x86_64\bin\clang++.exe+0x4650ef6)
  #58 0x00007ff6bfe90c82 (C:\Users\maher\AppData\Local\Android\Sdk\ndk\26.1.10909125\toolchains\llvm\prebuilt\windows-x86_64\bin\clang++.exe+0x4630c82)
  #59 0x00007ff6bf73680c (C:\Users\maher\AppData\Local\Android\Sdk\ndk\26.1.10909125\toolchains\llvm\prebuilt\windows-x86_64\bin\clang++.exe+0x3ed680c)
  #60 0x00007ff6bfe69d1e (C:\Users\maher\AppData\Local\Android\Sdk\ndk\26.1.10909125\toolchains\llvm\prebuilt\windows-x86_64\bin\clang++.exe+0x4609d1e)
  #61 0x00007ff6bfe69388 (C:\Users\maher\AppData\Local\Android\Sdk\ndk\26.1.10909125\toolchains\llvm\prebuilt\windows-x86_64\bin\clang++.exe+0x4609388)
  #62 0x00007ff6bfe90d24 (C:\Users\maher\AppData\Local\Android\Sdk\ndk\26.1.10909125\toolchains\llvm\prebuilt\windows-x86_64\bin\clang++.exe+0x4630d24)
  #63 0x00007ff6bf73680c (C:\Users\maher\AppData\Local\Android\Sdk\ndk\26.1.10909125\toolchains\llvm\prebuilt\windows-x86_64\bin\clang++.exe+0x3ed680c)
  #64 0x00007ff6bfe69d1e (C:\Users\maher\AppData\Local\Android\Sdk\ndk\26.1.10909125\toolchains\llvm\prebuilt\windows-x86_64\bin\clang++.exe+0x4609d1e)
  #65 0x00007ff6bfe69388 (C:\Users\maher\AppData\Local\Android\Sdk\ndk\26.1.10909125\toolchains\llvm\prebuilt\windows-x86_64\bin\clang++.exe+0x4609388)
  #66 0x00007ff6bfe90d24 (C:\Users\maher\AppData\Local\Android\Sdk\ndk\26.1.10909125\toolchains\llvm\prebuilt\windows-x86_64\bin\clang++.exe+0x4630d24)
  #67 0x00007ff6bf73680c (C:\Users\maher\AppData\Local\Android\Sdk\ndk\26.1.10909125\toolchains\llvm\prebuilt\windows-x86_64\bin\clang++.exe+0x3ed680c)
  #68 0x00007ff6bfe69d1e (C:\Users\maher\AppData\Local\Android\Sdk\ndk\26.1.10909125\toolchains\llvm\prebuilt\windows-x86_64\bin\clang++.exe+0x4609d1e)
  #69 0x00007ff6bfe69388 (C:\Users\maher\AppData\Local\Android\Sdk\ndk\26.1.10909125\toolchains\llvm\prebuilt\windows-x86_64\bin\clang++.exe+0x4609388)
  #70 0x00007ff6bfe90d24 (C:\Users\maher\AppData\Local\Android\Sdk\ndk\26.1.10909125\toolchains\llvm\prebuilt\windows-x86_64\bin\clang++.exe+0x4630d24)
  #71 0x00007ff6bf73680c (C:\Users\maher\AppData\Local\Android\Sdk\ndk\26.1.10909125\toolchains\llvm\prebuilt\windows-x86_64\bin\clang++.exe+0x3ed680c)
  #72 0x00007ff6bf734db4 (C:\Users\maher\AppData\Local\Android\Sdk\ndk\26.1.10909125\toolchains\llvm\prebuilt\windows-x86_64\bin\clang++.exe+0x3ed4db4)
  #73 0x00007ff6be89cd9e (C:\Users\maher\AppData\Local\Android\Sdk\ndk\26.1.10909125\toolchains\llvm\prebuilt\windows-x86_64\bin\clang++.exe+0x303cd9e)
  #74 0x00007ff6bcfc5264 (C:\Users\maher\AppData\Local\Android\Sdk\ndk\26.1.10909125\toolchains\llvm\prebuilt\windows-x86_64\bin\clang++.exe+0x1765264)
  #75 0x00007ff6bbf5a7a4 (C:\Users\maher\AppData\Local\Android\Sdk\ndk\26.1.10909125\toolchains\llvm\prebuilt\windows-x86_64\bin\clang++.exe+0x6fa7a4)
  #76 0x00007ff6bbfdfccf (C:\Users\maher\AppData\Local\Android\Sdk\ndk\26.1.10909125\toolchains\llvm\prebuilt\windows-x86_64\bin\clang++.exe+0x77fccf)
  #77 0x00007ff6bb868941 (C:\Users\maher\AppData\Local\Android\Sdk\ndk\26.1.10909125\toolchains\llvm\prebuilt\windows-x86_64\bin\clang++.exe+0x8941)
  #78 0x00007ff6bb865432 (C:\Users\maher\AppData\Local\Android\Sdk\ndk\26.1.10909125\toolchains\llvm\prebuilt\windows-x86_64\bin\clang++.exe+0x5432)
  #79 0x00007ff6bcd8add6 (C:\Users\maher\AppData\Local\Android\Sdk\ndk\26.1.10909125\toolchains\llvm\prebuilt\windows-x86_64\bin\clang++.exe+0x152add6)
  #80 0x00007ff6bbdad31d (C:\Users\maher\AppData\Local\Android\Sdk\ndk\26.1.10909125\toolchains\llvm\prebuilt\windows-x86_64\bin\clang++.exe+0x54d31d)
  #81 0x00007ff6bcd8a711 (C:\Users\maher\AppData\Local\Android\Sdk\ndk\26.1.10909125\toolchains\llvm\prebuilt\windows-x86_64\bin\clang++.exe+0x152a711)
  #82 0x00007ff6bbf183b6 (C:\Users\maher\AppData\Local\Android\Sdk\ndk\26.1.10909125\toolchains\llvm\prebuilt\windows-x86_64\bin\clang++.exe+0x6b83b6)
  #83 0x00007ff6bbf1862e (C:\Users\maher\AppData\Local\Android\Sdk\ndk\26.1.10909125\toolchains\llvm\prebuilt\windows-x86_64\bin\clang++.exe+0x6b862e)
  #84 0x00007ff6bbf32c9b (C:\Users\maher\AppData\Local\Android\Sdk\ndk\26.1.10909125\toolchains\llvm\prebuilt\windows-x86_64\bin\clang++.exe+0x6d2c9b)
  #85 0x00007ff6bb8646be (C:\Users\maher\AppData\Local\Android\Sdk\ndk\26.1.10909125\toolchains\llvm\prebuilt\windows-x86_64\bin\clang++.exe+0x46be)
  #86 0x00007ff6bb861395 (C:\Users\maher\AppData\Local\Android\Sdk\ndk\26.1.10909125\toolchains\llvm\prebuilt\windows-x86_64\bin\clang++.exe+0x1395)
  #87 0x00007ff6bb8614c8 (C:\Users\maher\AppData\Local\Android\Sdk\ndk\26.1.10909125\toolchains\llvm\prebuilt\windows-x86_64\bin\clang++.exe+0x14c8)
  #88 0x00007ff8f618e957 (C:\WINDOWS\System32\KERNEL32.DLL+0x2e957)
  #89 0x00007ff8f842ad6c (C:\WINDOWS\SYSTEM32\ntdll.dll+0xaad6c)
  clang++: error: clang frontend command failed due to signal (use -v to see invocation)
  Android (10552028, based on r487747d) clang version 17.0.2 (https://android.googlesource.com/toolchain/llvm-project d9f89f4d16663d5012e5c09495f3b30ece3d2362)
  Target: aarch64-none-linux-android23
  Thread model: posix
  InstalledDir: C:/Users/maher/AppData/Local/Android/Sdk/ndk/26.1.10909125/toolchains/llvm/prebuilt/windows-x86_64/bin
  clang++: note: diagnostic msg: Error generating preprocessed source(s).
  [2/16] Building CXX object CMakeFiles/expo-modules-core.dir/src/main/cpp/types/FrontendConverterProvider.cpp.o
  [3/16] Building CXX object CMakeFiles/expo-modules-core.dir/E_/Projet/TechWebM/App/LeafSense/Frontend/node_modules/expo-modules-core/common/cpp/JSIUtils.cpp.o
  [4/16] Building CXX object CMakeFiles/expo-modules-core.dir/src/main/cpp/JavaScriptValue.cpp.o
  FAILED: CMakeFiles/expo-modules-core.dir/src/main/cpp/JavaScriptValue.cpp.o 
  C:\Users\maher\AppData\Local\Android\Sdk\ndk\26.1.10909125\toolchains\llvm\prebuilt\windows-x86_64\bin\clang++.exe --target=aarch64-none-linux-android23 --sysroot=C:/Users/maher/AppData/Local/Android/Sdk/ndk/26.1.10909125/toolchains/llvm/prebuilt/windows-x86_64/sysroot -Dexpo_modules_core_EXPORTS -IC:/Users/maher/.gradle/caches/8.8/transforms/f7e7d8e15b8dd6d3df49e4b533bc2e58/transformed/jetified-react-android-0.74.5-debug/prefab/modules/reactnativejni/include/react -IE:/Projet/TechWebM/App/LeafSense/Frontend/node_modules/react-native/ReactAndroid/src/main/jni/react/turbomodule -IE:/Projet/TechWebM/App/LeafSense/Frontend/node_modules/expo-modules-core/android/../common/cpp -IE:/Projet/TechWebM/App/LeafSense/Frontend/node_modules/expo-modules-core/android/src/fabric -isystem C:/Users/maher/.gradle/caches/8.8/transforms/7ae4e699c1ae69bd207be2e4a6a586df/transformed/jetified-fbjni-0.6.0/prefab/modules/fbjni/include -isystem C:/Users/maher/.gradle/caches/8.8/transforms/f7e7d8e15b8dd6d3df49e4b533bc2e58/transformed/jetified-react-android-0.74.5-debug/prefab/modules/jsi/include -isystem C:/Users/maher/.gradle/caches/8.8/transforms/f7e7d8e15b8dd6d3df49e4b533bc2e58/transformed/jetified-react-android-0.74.5-debug/prefab/modules/reactnativejni/include -isystem C:/Users/maher/.gradle/caches/8.8/transforms/f7e7d8e15b8dd6d3df49e4b533bc2e58/transformed/jetified-react-android-0.74.5-debug/prefab/modules/folly_runtime/include -isystem C:/Users/maher/.gradle/caches/8.8/transforms/f7e7d8e15b8dd6d3df49e4b533bc2e58/transformed/jetified-react-android-0.74.5-debug/prefab/modules/react_nativemodule_core/include -g -DANDROID -fdata-sections -ffunction-sections -funwind-tables -fstack-protector-strong -no-canonical-prefixes -D_FORTIFY_SOURCE=2 -Wformat -Werror=format-security   -DREACT_NATIVE_TARGET_VERSION=74 -fno-limit-debug-info  -fPIC -DFOLLY_NO_CONFIG=1 -DFOLLY_HAVE_CLOCK_GETTIME=1 -DFOLLY_USE_LIBCPP=1 -DFOLLY_CFG_NO_COROUTINES=1 -DFOLLY_MOBILE=1 -DFOLLY_HAVE_RECVMMSG=1 -DFOLLY_HAVE_PTHREAD=1 -DFOLLY_HAVE_XSI_STRERROR_R=1 -O2 -frtti -fexceptions -Wall -fstack-protector-all -DUSE_HERMES=0 -DUNIT_TEST=0 -std=gnu++20 -MD -MT CMakeFiles/expo-modules-core.dir/src/main/cpp/JavaScriptValue.cpp.o -MF CMakeFiles\expo-modules-core.dir\src\main\cpp\JavaScriptValue.cpp.o.d -o CMakeFiles/expo-modules-core.dir/src/main/cpp/JavaScriptValue.cpp.o -c E:/Projet/TechWebM/App/LeafSense/Frontend/node_modules/expo-modules-core/android/src/main/cpp/JavaScriptValue.cpp
  LLVM ERROR: out of memory
  Allocation failed
  PLEASE submit a bug report to https://github.com/android-ndk/ndk/issues and include the crash backtrace, preprocessed source, and associated run script.
  Stack dump:
  0.	Program arguments: C:\\Users\\maher\\AppData\\Local\\Android\\Sdk\\ndk\\26.1.10909125\\toolchains\\llvm\\prebuilt\\windows-x86_64\\bin\\clang++.exe --target=aarch64-none-linux-android23 --sysroot=C:/Users/maher/AppData/Local/Android/Sdk/ndk/26.1.10909125/toolchains/llvm/prebuilt/windows-x86_64/sysroot -Dexpo_modules_core_EXPORTS -IC:/Users/maher/.gradle/caches/8.8/transforms/f7e7d8e15b8dd6d3df49e4b533bc2e58/transformed/jetified-react-android-0.74.5-debug/prefab/modules/reactnativejni/include/react -IE:/Projet/TechWebM/App/LeafSense/Frontend/node_modules/react-native/ReactAndroid/src/main/jni/react/turbomodule -IE:/Projet/TechWebM/App/LeafSense/Frontend/node_modules/expo-modules-core/android/../common/cpp -IE:/Projet/TechWebM/App/LeafSense/Frontend/node_modules/expo-modules-core/android/src/fabric -isystem C:/Users/maher/.gradle/caches/8.8/transforms/7ae4e699c1ae69bd207be2e4a6a586df/transformed/jetified-fbjni-0.6.0/prefab/modules/fbjni/include -isystem C:/Users/maher/.gradle/caches/8.8/transforms/f7e7d8e15b8dd6d3df49e4b533bc2e58/transformed/jetified-react-android-0.74.5-debug/prefab/modules/jsi/include -isystem C:/Users/maher/.gradle/caches/8.8/transforms/f7e7d8e15b8dd6d3df49e4b533bc2e58/transformed/jetified-react-android-0.74.5-debug/prefab/modules/reactnativejni/include -isystem C:/Users/maher/.gradle/caches/8.8/transforms/f7e7d8e15b8dd6d3df49e4b533bc2e58/transformed/jetified-react-android-0.74.5-debug/prefab/modules/folly_runtime/include -isystem C:/Users/maher/.gradle/caches/8.8/transforms/f7e7d8e15b8dd6d3df49e4b533bc2e58/transformed/jetified-react-android-0.74.5-debug/prefab/modules/react_nativemodule_core/include -g -DANDROID -fdata-sections -ffunction-sections -funwind-tables -fstack-protector-strong -no-canonical-prefixes -D_FORTIFY_SOURCE=2 -Wformat -Werror=format-security -DREACT_NATIVE_TARGET_VERSION=74 -fno-limit-debug-info -fPIC -DFOLLY_NO_CONFIG=1 -DFOLLY_HAVE_CLOCK_GETTIME=1 -DFOLLY_USE_LIBCPP=1 -DFOLLY_CFG_NO_COROUTINES=1 -DFOLLY_MOBILE=1 -DFOLLY_HAVE_RECVMMSG=1 -DFOLLY_HAVE_PTHREAD=1 -DFOLLY_HAVE_XSI_STRERROR_R=1 -O2 -frtti -fexceptions -Wall -fstack-protector-all -DUSE_HERMES=0 -DUNIT_TEST=0 -std=gnu++20 -MD -MT CMakeFiles/expo-modules-core.dir/src/main/cpp/JavaScriptValue.cpp.o -MF CMakeFiles\\expo-modules-core.dir\\src\\main\\cpp\\JavaScriptValue.cpp.o.d -o CMakeFiles/expo-modules-core.dir/src/main/cpp/JavaScriptValue.cpp.o -c E:/Projet/TechWebM/App/LeafSense/Frontend/node_modules/expo-modules-core/android/src/main/cpp/JavaScriptValue.cpp
  1.	C:/Users/maher/.gradle/caches/8.8/transforms/f7e7d8e15b8dd6d3df49e4b533bc2e58/transformed/jetified-react-android-0.74.5-debug/prefab/modules/folly_runtime/include/folly/container/Access.h:97:1 <Spelling=C:/Users/maher/.gradle/caches/8.8/transforms/f7e7d8e15b8dd6d3df49e4b533bc2e58/transformed/jetified-react-android-0.74.5-debug/prefab/modules/folly_runtime/include/folly/functional/Invoke.h:405:3>: current parser token 'BOOST_PP_EXPR_IIF'
  2.	C:/Users/maher/.gradle/caches/8.8/transforms/f7e7d8e15b8dd6d3df49e4b533bc2e58/transformed/jetified-react-android-0.74.5-debug/prefab/modules/folly_runtime/include/folly/container/Access.h:25:1: parsing namespace 'folly'
  3.	C:/Users/maher/.gradle/caches/8.8/transforms/f7e7d8e15b8dd6d3df49e4b533bc2e58/transformed/jetified-react-android-0.74.5-debug/prefab/modules/folly_runtime/include/folly/container/Access.h:27:1: parsing namespace 'folly::access'
  4.	C:/Users/maher/.gradle/caches/8.8/transforms/f7e7d8e15b8dd6d3df49e4b533bc2e58/transformed/jetified-react-android-0.74.5-debug/prefab/modules/folly_runtime/include/folly/container/Access.h:97:1 <Spelling=C:/Users/maher/.gradle/caches/8.8/transforms/f7e7d8e15b8dd6d3df49e4b533bc2e58/transformed/jetified-react-android-0.74.5-debug/prefab/modules/folly_runtime/include/folly/functional/Invoke.h:474:3>: parsing namespace 'folly::access::end_fn__folly_detail_invoke_ns'
  Exception Code: 0xC000001D
   #0 0x00007ff6bbde6096 (C:\Users\maher\AppData\Local\Android\Sdk\ndk\26.1.10909125\toolchains\llvm\prebuilt\windows-x86_64\bin\clang++.exe+0x586096)
   #1 0x00007ff8f5b42139 (C:\WINDOWS\System32\ucrtbase.dll+0xc2139)
   #2 0x00007ff8f5b25261 (C:\WINDOWS\System32\ucrtbase.dll+0xa5261)
   #3 0x00007ff6bbdaef15 (C:\Users\maher\AppData\Local\Android\Sdk\ndk\26.1.10909125\toolchains\llvm\prebuilt\windows-x86_64\bin\clang++.exe+0x54ef15)
   #4 0x00007ff6bbdb3793 (C:\Users\maher\AppData\Local\Android\Sdk\ndk\26.1.10909125\toolchains\llvm\prebuilt\windows-x86_64\bin\clang++.exe+0x553793)
   #5 0x00007ff6bcbd7af6 (C:\Users\maher\AppData\Local\Android\Sdk\ndk\26.1.10909125\toolchains\llvm\prebuilt\windows-x86_64\bin\clang++.exe+0x1377af6)
   #6 0x00007ff6be7ba07b (C:\Users\maher\AppData\Local\Android\Sdk\ndk\26.1.10909125\toolchains\llvm\prebuilt\windows-x86_64\bin\clang++.exe+0x2f5a07b)
   #7 0x00007ff6be7b8bad (C:\Users\maher\AppData\Local\Android\Sdk\ndk\26.1.10909125\toolchains\llvm\prebuilt\windows-x86_64\bin\clang++.exe+0x2f58bad)
   #8 0x00007ff6be7b7bac (C:\Users\maher\AppData\Local\Android\Sdk\ndk\26.1.10909125\toolchains\llvm\prebuilt\windows-x86_64\bin\clang++.exe+0x2f57bac)
   #9 0x00007ff6be7bc031 (C:\Users\maher\AppData\Local\Android\Sdk\ndk\26.1.10909125\toolchains\llvm\prebuilt\windows-x86_64\bin\clang++.exe+0x2f5c031)
  #10 0x00007ff6bcfea1a2 (C:\Users\maher\AppData\Local\Android\Sdk\ndk\26.1.10909125\toolchains\llvm\prebuilt\windows-x86_64\bin\clang++.exe+0x178a1a2)
  #11 0x00007ff6bcee6d35 (C:\Users\maher\AppData\Local\Android\Sdk\ndk\26.1.10909125\toolchains\llvm\prebuilt\windows-x86_64\bin\clang++.exe+0x1686d35)
  #12 0x00007ff6be7ba394 (C:\Users\maher\AppData\Local\Android\Sdk\ndk\26.1.10909125\toolchains\llvm\prebuilt\windows-x86_64\bin\clang++.exe+0x2f5a394)
  #13 0x00007ff6bcee7169 (C:\Users\maher\AppData\Local\Android\Sdk\ndk\26.1.10909125\toolchains\llvm\prebuilt\windows-x86_64\bin\clang++.exe+0x1687169)
  #14 0x00007ff6be7ba94f (C:\Users\maher\AppData\Local\Android\Sdk\ndk\26.1.10909125\toolchains\llvm\prebuilt\windows-x86_64\bin\clang++.exe+0x2f5a94f)
  #15 0x00007ff6be7b874b (C:\Users\maher\AppData\Local\Android\Sdk\ndk\26.1.10909125\toolchains\llvm\prebuilt\windows-x86_64\bin\clang++.exe+0x2f5874b)
  #16 0x00007ff6be7b7bac (C:\Users\maher\AppData\Local\Android\Sdk\ndk\26.1.10909125\toolchains\llvm\prebuilt\windows-x86_64\bin\clang++.exe+0x2f57bac)
  #17 0x00007ff6be7bc031 (C:\Users\maher\AppData\Local\Android\Sdk\ndk\26.1.10909125\toolchains\llvm\prebuilt\windows-x86_64\bin\clang++.exe+0x2f5c031)
  #18 0x00007ff6bcfea1a2 (C:\Users\maher\AppData\Local\Android\Sdk\ndk\26.1.10909125\toolchains\llvm\prebuilt\windows-x86_64\bin\clang++.exe+0x178a1a2)
  #19 0x00007ff6bcee6d35 (C:\Users\maher\AppData\Local\Android\Sdk\ndk\26.1.10909125\toolchains\llvm\prebuilt\windows-x86_64\bin\clang++.exe+0x1686d35)
  #20 0x00007ff6be7ba394 (C:\Users\maher\AppData\Local\Android\Sdk\ndk\26.1.10909125\toolchains\llvm\prebuilt\windows-x86_64\bin\clang++.exe+0x2f5a394)
  #21 0x00007ff6bcee7169 (C:\Users\maher\AppData\Local\Android\Sdk\ndk\26.1.10909125\toolchains\llvm\prebuilt\windows-x86_64\bin\clang++.exe+0x1687169)
  #22 0x00007ff6be7ba94f (C:\Users\maher\AppData\Local\Android\Sdk\ndk\26.1.10909125\toolchains\llvm\prebuilt\windows-x86_64\bin\clang++.exe+0x2f5a94f)
  #23 0x00007ff6be7b874b (C:\Users\maher\AppData\Local\Android\Sdk\ndk\26.1.10909125\toolchains\llvm\prebuilt\windows-x86_64\bin\clang++.exe+0x2f5874b)
  #24 0x00007ff6be7b7bac (C:\Users\maher\AppData\Local\Android\Sdk\ndk\26.1.10909125\toolchains\llvm\prebuilt\windows-x86_64\bin\clang++.exe+0x2f57bac)
  #25 0x00007ff6be7bc031 (C:\Users\maher\AppData\Local\Android\Sdk\ndk\26.1.10909125\toolchains\llvm\prebuilt\windows-x86_64\bin\clang++.exe+0x2f5c031)
  #26 0x00007ff6bcfea1a2 (C:\Users\maher\AppData\Local\Android\Sdk\ndk\26.1.10909125\toolchains\llvm\prebuilt\windows-x86_64\bin\clang++.exe+0x178a1a2)
  #27 0x00007ff6bcee6d35 (C:\Users\maher\AppData\Local\Android\Sdk\ndk\26.1.10909125\toolchains\llvm\prebuilt\windows-x86_64\bin\clang++.exe+0x1686d35)
  #28 0x00007ff6be7ba394 (C:\Users\maher\AppData\Local\Android\Sdk\ndk\26.1.10909125\toolchains\llvm\prebuilt\windows-x86_64\bin\clang++.exe+0x2f5a394)
  #29 0x00007ff6bcee7169 (C:\Users\maher\AppData\Local\Android\Sdk\ndk\26.1.10909125\toolchains\llvm\prebuilt\windows-x86_64\bin\clang++.exe+0x1687169)
  #30 0x00007ff6be7ba94f (C:\Users\maher\AppData\Local\Android\Sdk\ndk\26.1.10909125\toolchains\llvm\prebuilt\windows-x86_64\bin\clang++.exe+0x2f5a94f)
  #31 0x00007ff6be7b874b (C:\Users\maher\AppData\Local\Android\Sdk\ndk\26.1.10909125\toolchains\llvm\prebuilt\windows-x86_64\bin\clang++.exe+0x2f5874b)
  #32 0x00007ff6be7b7bac (C:\Users\maher\AppData\Local\Android\Sdk\ndk\26.1.10909125\toolchains\llvm\prebuilt\windows-x86_64\bin\clang++.exe+0x2f57bac)
  #33 0x00007ff6be7bc031 (C:\Users\maher\AppData\Local\Android\Sdk\ndk\26.1.10909125\toolchains\llvm\prebuilt\windows-x86_64\bin\clang++.exe+0x2f5c031)
  #34 0x00007ff6bcfea1a2 (C:\Users\maher\AppData\Local\Android\Sdk\ndk\26.1.10909125\toolchains\llvm\prebuilt\windows-x86_64\bin\clang++.exe+0x178a1a2)
  #35 0x00007ff6bcee6d35 (C:\Users\maher\AppData\Local\Android\Sdk\ndk\26.1.10909125\toolchains\llvm\prebuilt\windows-x86_64\bin\clang++.exe+0x1686d35)
  #36 0x00007ff6be7ba394 (C:\Users\maher\AppData\Local\Android\Sdk\ndk\26.1.10909125\toolchains\llvm\prebuilt\windows-x86_64\bin\clang++.exe+0x2f5a394)
  #37 0x00007ff6bcee7169 (C:\Users\maher\AppData\Local\Android\Sdk\ndk\26.1.10909125\toolchains\llvm\prebuilt\windows-x86_64\bin\clang++.exe+0x1687169)
  #38 0x00007ff6be7ba94f (C:\Users\maher\AppData\Local\Android\Sdk\ndk\26.1.10909125\toolchains\llvm\prebuilt\windows-x86_64\bin\clang++.exe+0x2f5a94f)
  #39 0x00007ff6be7b874b (C:\Users\maher\AppData\Local\Android\Sdk\ndk\26.1.10909125\toolchains\llvm\prebuilt\windows-x86_64\bin\clang++.exe+0x2f5874b)
  #40 0x00007ff6be7b7bac (C:\Users\maher\AppData\Local\Android\Sdk\ndk\26.1.10909125\toolchains\llvm\prebuilt\windows-x86_64\bin\clang++.exe+0x2f57bac)
  #41 0x00007ff6be7bc031 (C:\Users\maher\AppData\Local\Android\Sdk\ndk\26.1.10909125\toolchains\llvm\prebuilt\windows-x86_64\bin\clang++.exe+0x2f5c031)
  #42 0x00007ff6bcfea1a2 (C:\Users\maher\AppData\Local\Android\Sdk\ndk\26.1.10909125\toolchains\llvm\prebuilt\windows-x86_64\bin\clang++.exe+0x178a1a2)
  #43 0x00007ff6bcee6d35 (C:\Users\maher\AppData\Local\Android\Sdk\ndk\26.1.10909125\toolchains\llvm\prebuilt\windows-x86_64\bin\clang++.exe+0x1686d35)
  #44 0x00007ff6be7ba394 (C:\Users\maher\AppData\Local\Android\Sdk\ndk\26.1.10909125\toolchains\llvm\prebuilt\windows-x86_64\bin\clang++.exe+0x2f5a394)
  #45 0x00007ff6bcee7169 (C:\Users\maher\AppData\Local\Android\Sdk\ndk\26.1.10909125\toolchains\llvm\prebuilt\windows-x86_64\bin\clang++.exe+0x1687169)
  #46 0x00007ff6bf731f2f (C:\Users\maher\AppData\Local\Android\Sdk\ndk\26.1.10909125\toolchains\llvm\prebuilt\windows-x86_64\bin\clang++.exe+0x3ed1f2f)
  #47 0x00007ff6bfe925b1 (C:\Users\maher\AppData\Local\Android\Sdk\ndk\26.1.10909125\toolchains\llvm\prebuilt\windows-x86_64\bin\clang++.exe+0x46325b1)
  #48 0x00007ff6bf738756 (C:\Users\maher\AppData\Local\Android\Sdk\ndk\26.1.10909125\toolchains\llvm\prebuilt\windows-x86_64\bin\clang++.exe+0x3ed8756)
  #49 0x00007ff6bf7381a9 (C:\Users\maher\AppData\Local\Android\Sdk\ndk\26.1.10909125\toolchains\llvm\prebuilt\windows-x86_64\bin\clang++.exe+0x3ed81a9)
  #50 0x00007ff6bf736ec3 (C:\Users\maher\AppData\Local\Android\Sdk\ndk\26.1.10909125\toolchains\llvm\prebuilt\windows-x86_64\bin\clang++.exe+0x3ed6ec3)
  #51 0x00007ff6bfe69d1e (C:\Users\maher\AppData\Local\Android\Sdk\ndk\26.1.10909125\toolchains\llvm\prebuilt\windows-x86_64\bin\clang++.exe+0x4609d1e)
  #52 0x00007ff6bfe69388 (C:\Users\maher\AppData\Local\Android\Sdk\ndk\26.1.10909125\toolchains\llvm\prebuilt\windows-x86_64\bin\clang++.exe+0x4609388)
  #53 0x00007ff6bfe90d24 (C:\Users\maher\AppData\Local\Android\Sdk\ndk\26.1.10909125\toolchains\llvm\prebuilt\windows-x86_64\bin\clang++.exe+0x4630d24)
  #54 0x00007ff6bf73680c (C:\Users\maher\AppData\Local\Android\Sdk\ndk\26.1.10909125\toolchains\llvm\prebuilt\windows-x86_64\bin\clang++.exe+0x3ed680c)
  #55 0x00007ff6bfe69d1e (C:\Users\maher\AppData\Local\Android\Sdk\ndk\26.1.10909125\toolchains\llvm\prebuilt\windows-x86_64\bin\clang++.exe+0x4609d1e)
  #56 0x00007ff6bfe69388 (C:\Users\maher\AppData\Local\Android\Sdk\ndk\26.1.10909125\toolchains\llvm\prebuilt\windows-x86_64\bin\clang++.exe+0x4609388)
  #57 0x00007ff6bfe90d24 (C:\Users\maher\AppData\Local\Android\Sdk\ndk\26.1.10909125\toolchains\llvm\prebuilt\windows-x86_64\bin\clang++.exe+0x4630d24)
  #58 0x00007ff6bf73680c (C:\Users\maher\AppData\Local\Android\Sdk\ndk\26.1.10909125\toolchains\llvm\prebuilt\windows-x86_64\bin\clang++.exe+0x3ed680c)
  #59 0x00007ff6bfe69d1e (C:\Users\maher\AppData\Local\Android\Sdk\ndk\26.1.10909125\toolchains\llvm\prebuilt\windows-x86_64\bin\clang++.exe+0x4609d1e)
  #60 0x00007ff6bfe69388 (C:\Users\maher\AppData\Local\Android\Sdk\ndk\26.1.10909125\toolchains\llvm\prebuilt\windows-x86_64\bin\clang++.exe+0x4609388)
  #61 0x00007ff6bfe90d24 (C:\Users\maher\AppData\Local\Android\Sdk\ndk\26.1.10909125\toolchains\llvm\prebuilt\windows-x86_64\bin\clang++.exe+0x4630d24)
  #62 0x00007ff6bf73680c (C:\Users\maher\AppData\Local\Android\Sdk\ndk\26.1.10909125\toolchains\llvm\prebuilt\windows-x86_64\bin\clang++.exe+0x3ed680c)
  #63 0x00007ff6bf734db4 (C:\Users\maher\AppData\Local\Android\Sdk\ndk\26.1.10909125\toolchains\llvm\prebuilt\windows-x86_64\bin\clang++.exe+0x3ed4db4)
  #64 0x00007ff6be89cd9e (C:\Users\maher\AppData\Local\Android\Sdk\ndk\26.1.10909125\toolchains\llvm\prebuilt\windows-x86_64\bin\clang++.exe+0x303cd9e)
  #65 0x00007ff6bcfc5264 (C:\Users\maher\AppData\Local\Android\Sdk\ndk\26.1.10909125\toolchains\llvm\prebuilt\windows-x86_64\bin\clang++.exe+0x1765264)
  #66 0x00007ff6bbf5a7a4 (C:\Users\maher\AppData\Local\Android\Sdk\ndk\26.1.10909125\toolchains\llvm\prebuilt\windows-x86_64\bin\clang++.exe+0x6fa7a4)
  #67 0x00007ff6bbfdfccf (C:\Users\maher\AppData\Local\Android\Sdk\ndk\26.1.10909125\toolchains\llvm\prebuilt\windows-x86_64\bin\clang++.exe+0x77fccf)
  #68 0x00007ff6bb868941 (C:\Users\maher\AppData\Local\Android\Sdk\ndk\26.1.10909125\toolchains\llvm\prebuilt\windows-x86_64\bin\clang++.exe+0x8941)
  #69 0x00007ff6bb865432 (C:\Users\maher\AppData\Local\Android\Sdk\ndk\26.1.10909125\toolchains\llvm\prebuilt\windows-x86_64\bin\clang++.exe+0x5432)
  #70 0x00007ff6bcd8add6 (C:\Users\maher\AppData\Local\Android\Sdk\ndk\26.1.10909125\toolchains\llvm\prebuilt\windows-x86_64\bin\clang++.exe+0x152add6)
  #71 0x00007ff6bbdad31d (C:\Users\maher\AppData\Local\Android\Sdk\ndk\26.1.10909125\toolchains\llvm\prebuilt\windows-x86_64\bin\clang++.exe+0x54d31d)
  #72 0x00007ff6bcd8a711 (C:\Users\maher\AppData\Local\Android\Sdk\ndk\26.1.10909125\toolchains\llvm\prebuilt\windows-x86_64\bin\clang++.exe+0x152a711)
  #73 0x00007ff6bbf183b6 (C:\Users\maher\AppData\Local\Android\Sdk\ndk\26.1.10909125\toolchains\llvm\prebuilt\windows-x86_64\bin\clang++.exe+0x6b83b6)
  #74 0x00007ff6bbf1862e (C:\Users\maher\AppData\Local\Android\Sdk\ndk\26.1.10909125\toolchains\llvm\prebuilt\windows-x86_64\bin\clang++.exe+0x6b862e)
  #75 0x00007ff6bbf32c9b (C:\Users\maher\AppData\Local\Android\Sdk\ndk\26.1.10909125\toolchains\llvm\prebuilt\windows-x86_64\bin\clang++.exe+0x6d2c9b)
  #76 0x00007ff6bb8646be (C:\Users\maher\AppData\Local\Android\Sdk\ndk\26.1.10909125\toolchains\llvm\prebuilt\windows-x86_64\bin\clang++.exe+0x46be)
  #77 0x00007ff6bb861395 (C:\Users\maher\AppData\Local\Android\Sdk\ndk\26.1.10909125\toolchains\llvm\prebuilt\windows-x86_64\bin\clang++.exe+0x1395)
  #78 0x00007ff6bb8614c8 (C:\Users\maher\AppData\Local\Android\Sdk\ndk\26.1.10909125\toolchains\llvm\prebuilt\windows-x86_64\bin\clang++.exe+0x14c8)
  #79 0x00007ff8f618e957 (C:\WINDOWS\System32\KERNEL32.DLL+0x2e957)
  #80 0x00007ff8f842ad6c (C:\WINDOWS\SYSTEM32\ntdll.dll+0xaad6c)
  clang++: error: clang frontend command failed due to signal (use -v to see invocation)
  Android (10552028, based on r487747d) clang version 17.0.2 (https://android.googlesource.com/toolchain/llvm-project d9f89f4d16663d5012e5c09495f3b30ece3d2362)
  Target: aarch64-none-linux-android23
  Thread model: posix
  InstalledDir: C:/Users/maher/AppData/Local/Android/Sdk/ndk/26.1.10909125/toolchains/llvm/prebuilt/windows-x86_64/bin
  clang++: note: diagnostic msg: 
  ********************
  
  PLEASE ATTACH THE FOLLOWING FILES TO THE BUG REPORT:
  Preprocessed source(s) and associated run script(s) are located at:
  clang++: note: diagnostic msg: C:/Users/maher/AppData/Local/Temp/JavaScriptValue-9f31b4.cpp
  clang++: note: diagnostic msg: C:/Users/maher/AppData/Local/Temp/JavaScriptValue-9f31b4.sh
  clang++: note: diagnostic msg: 
  
  ********************
  [5/16] Building CXX object CMakeFiles/expo-modules-core.dir/src/main/cpp/JavaScriptWeakObject.cpp.o
  FAILED: CMakeFiles/expo-modules-core.dir/src/main/cpp/JavaScriptWeakObject.cpp.o 
  C:\Users\maher\AppData\Local\Android\Sdk\ndk\26.1.10909125\toolchains\llvm\prebuilt\windows-x86_64\bin\clang++.exe --target=aarch64-none-linux-android23 --sysroot=C:/Users/maher/AppData/Local/Android/Sdk/ndk/26.1.10909125/toolchains/llvm/prebuilt/windows-x86_64/sysroot -Dexpo_modules_core_EXPORTS -IC:/Users/maher/.gradle/caches/8.8/transforms/f7e7d8e15b8dd6d3df49e4b533bc2e58/transformed/jetified-react-android-0.74.5-debug/prefab/modules/reactnativejni/include/react -IE:/Projet/TechWebM/App/LeafSense/Frontend/node_modules/react-native/ReactAndroid/src/main/jni/react/turbomodule -IE:/Projet/TechWebM/App/LeafSense/Frontend/node_modules/expo-modules-core/android/../common/cpp -IE:/Projet/TechWebM/App/LeafSense/Frontend/node_modules/expo-modules-core/android/src/fabric -isystem C:/Users/maher/.gradle/caches/8.8/transforms/7ae4e699c1ae69bd207be2e4a6a586df/transformed/jetified-fbjni-0.6.0/prefab/modules/fbjni/include -isystem C:/Users/maher/.gradle/caches/8.8/transforms/f7e7d8e15b8dd6d3df49e4b533bc2e58/transformed/jetified-react-android-0.74.5-debug/prefab/modules/jsi/include -isystem C:/Users/maher/.gradle/caches/8.8/transforms/f7e7d8e15b8dd6d3df49e4b533bc2e58/transformed/jetified-react-android-0.74.5-debug/prefab/modules/reactnativejni/include -isystem C:/Users/maher/.gradle/caches/8.8/transforms/f7e7d8e15b8dd6d3df49e4b533bc2e58/transformed/jetified-react-android-0.74.5-debug/prefab/modules/folly_runtime/include -isystem C:/Users/maher/.gradle/caches/8.8/transforms/f7e7d8e15b8dd6d3df49e4b533bc2e58/transformed/jetified-react-android-0.74.5-debug/prefab/modules/react_nativemodule_core/include -g -DANDROID -fdata-sections -ffunction-sections -funwind-tables -fstack-protector-strong -no-canonical-prefixes -D_FORTIFY_SOURCE=2 -Wformat -Werror=format-security   -DREACT_NATIVE_TARGET_VERSION=74 -fno-limit-debug-info  -fPIC -DFOLLY_NO_CONFIG=1 -DFOLLY_HAVE_CLOCK_GETTIME=1 -DFOLLY_USE_LIBCPP=1 -DFOLLY_CFG_NO_COROUTINES=1 -DFOLLY_MOBILE=1 -DFOLLY_HAVE_RECVMMSG=1 -DFOLLY_HAVE_PTHREAD=1 -DFOLLY_HAVE_XSI_STRERROR_R=1 -O2 -frtti -fexceptions -Wall -fstack-protector-all -DUSE_HERMES=0 -DUNIT_TEST=0 -std=gnu++20 -MD -MT CMakeFiles/expo-modules-core.dir/src/main/cpp/JavaScriptWeakObject.cpp.o -MF CMakeFiles\expo-modules-core.dir\src\main\cpp\JavaScriptWeakObject.cpp.o.d -o CMakeFiles/expo-modules-core.dir/src/main/cpp/JavaScriptWeakObject.cpp.o -c E:/Projet/TechWebM/App/LeafSense/Frontend/node_modules/expo-modules-core/android/src/main/cpp/JavaScriptWeakObject.cpp
  LLVM ERROR: out of memory
  Allocation failed
  PLEASE submit a bug report to https://github.com/android-ndk/ndk/issues and include the crash backtrace, preprocessed source, and associated run script.
  Stack dump:
  0.	Program arguments: C:\\Users\\maher\\AppData\\Local\\Android\\Sdk\\ndk\\26.1.10909125\\toolchains\\llvm\\prebuilt\\windows-x86_64\\bin\\clang++.exe --target=aarch64-none-linux-android23 --sysroot=C:/Users/maher/AppData/Local/Android/Sdk/ndk/26.1.10909125/toolchains/llvm/prebuilt/windows-x86_64/sysroot -Dexpo_modules_core_EXPORTS -IC:/Users/maher/.gradle/caches/8.8/transforms/f7e7d8e15b8dd6d3df49e4b533bc2e58/transformed/jetified-react-android-0.74.5-debug/prefab/modules/reactnativejni/include/react -IE:/Projet/TechWebM/App/LeafSense/Frontend/node_modules/react-native/ReactAndroid/src/main/jni/react/turbomodule -IE:/Projet/TechWebM/App/LeafSense/Frontend/node_modules/expo-modules-core/android/../common/cpp -IE:/Projet/TechWebM/App/LeafSense/Frontend/node_modules/expo-modules-core/android/src/fabric -isystem C:/Users/maher/.gradle/caches/8.8/transforms/7ae4e699c1ae69bd207be2e4a6a586df/transformed/jetified-fbjni-0.6.0/prefab/modules/fbjni/include -isystem C:/Users/maher/.gradle/caches/8.8/transforms/f7e7d8e15b8dd6d3df49e4b533bc2e58/transformed/jetified-react-android-0.74.5-debug/prefab/modules/jsi/include -isystem C:/Users/maher/.gradle/caches/8.8/transforms/f7e7d8e15b8dd6d3df49e4b533bc2e58/transformed/jetified-react-android-0.74.5-debug/prefab/modules/reactnativejni/include -isystem C:/Users/maher/.gradle/caches/8.8/transforms/f7e7d8e15b8dd6d3df49e4b533bc2e58/transformed/jetified-react-android-0.74.5-debug/prefab/modules/folly_runtime/include -isystem C:/Users/maher/.gradle/caches/8.8/transforms/f7e7d8e15b8dd6d3df49e4b533bc2e58/transformed/jetified-react-android-0.74.5-debug/prefab/modules/react_nativemodule_core/include -g -DANDROID -fdata-sections -ffunction-sections -funwind-tables -fstack-protector-strong -no-canonical-prefixes -D_FORTIFY_SOURCE=2 -Wformat -Werror=format-security -DREACT_NATIVE_TARGET_VERSION=74 -fno-limit-debug-info -fPIC -DFOLLY_NO_CONFIG=1 -DFOLLY_HAVE_CLOCK_GETTIME=1 -DFOLLY_USE_LIBCPP=1 -DFOLLY_CFG_NO_COROUTINES=1 -DFOLLY_MOBILE=1 -DFOLLY_HAVE_RECVMMSG=1 -DFOLLY_HAVE_PTHREAD=1 -DFOLLY_HAVE_XSI_STRERROR_R=1 -O2 -frtti -fexceptions -Wall -fstack-protector-all -DUSE_HERMES=0 -DUNIT_TEST=0 -std=gnu++20 -MD -MT CMakeFiles/expo-modules-core.dir/src/main/cpp/JavaScriptWeakObject.cpp.o -MF CMakeFiles\\expo-modules-core.dir\\src\\main\\cpp\\JavaScriptWeakObject.cpp.o.d -o CMakeFiles/expo-modules-core.dir/src/main/cpp/JavaScriptWeakObject.cpp.o -c E:/Projet/TechWebM/App/LeafSense/Frontend/node_modules/expo-modules-core/android/src/main/cpp/JavaScriptWeakObject.cpp
  1.	C:/Users/maher/.gradle/caches/8.8/transforms/f7e7d8e15b8dd6d3df49e4b533bc2e58/transformed/jetified-react-android-0.74.5-debug/prefab/modules/folly_runtime/include/folly/container/Access.h:97:1 <Spelling=C:/Users/maher/.gradle/caches/8.8/transforms/f7e7d8e15b8dd6d3df49e4b533bc2e58/transformed/jetified-react-android-0.74.5-debug/prefab/modules/folly_runtime/include/folly/functional/Invoke.h:405:3>: current parser token 'BOOST_PP_EXPR_IIF'
  2.	C:/Users/maher/.gradle/caches/8.8/transforms/f7e7d8e15b8dd6d3df49e4b533bc2e58/transformed/jetified-react-android-0.74.5-debug/prefab/modules/folly_runtime/include/folly/container/Access.h:25:1: parsing namespace 'folly'
  3.	C:/Users/maher/.gradle/caches/8.8/transforms/f7e7d8e15b8dd6d3df49e4b533bc2e58/transformed/jetified-react-android-0.74.5-debug/prefab/modules/folly_runtime/include/folly/container/Access.h:27:1: parsing namespace 'folly::access'
  4.	C:/Users/maher/.gradle/caches/8.8/transforms/f7e7d8e15b8dd6d3df49e4b533bc2e58/transformed/jetified-react-android-0.74.5-debug/prefab/modules/folly_runtime/include/folly/container/Access.h:97:1 <Spelling=C:/Users/maher/.gradle/caches/8.8/transforms/f7e7d8e15b8dd6d3df49e4b533bc2e58/transformed/jetified-react-android-0.74.5-debug/prefab/modules/folly_runtime/include/folly/functional/Invoke.h:474:3>: parsing namespace 'folly::access::end_fn__folly_detail_invoke_ns'
  Exception Code: 0xC000001D
   #0 0x00007ff6bbde6096 (C:\Users\maher\AppData\Local\Android\Sdk\ndk\26.1.10909125\toolchains\llvm\prebuilt\windows-x86_64\bin\clang++.exe+0x586096)
   #1 0x00007ff8f5b42139 (C:\WINDOWS\System32\ucrtbase.dll+0xc2139)
   #2 0x00007ff8f5b25261 (C:\WINDOWS\System32\ucrtbase.dll+0xa5261)
   #3 0x00007ff6bbdaef15 (C:\Users\maher\AppData\Local\Android\Sdk\ndk\26.1.10909125\toolchains\llvm\prebuilt\windows-x86_64\bin\clang++.exe+0x54ef15)
   #4 0x00007ff6bbdb3793 (C:\Users\maher\AppData\Local\Android\Sdk\ndk\26.1.10909125\toolchains\llvm\prebuilt\windows-x86_64\bin\clang++.exe+0x553793)
   #5 0x00007ff6bcbd7af6 (C:\Users\maher\AppData\Local\Android\Sdk\ndk\26.1.10909125\toolchains\llvm\prebuilt\windows-x86_64\bin\clang++.exe+0x1377af6)
   #6 0x00007ff6be7ba07b (C:\Users\maher\AppData\Local\Android\Sdk\ndk\26.1.10909125\toolchains\llvm\prebuilt\windows-x86_64\bin\clang++.exe+0x2f5a07b)
   #7 0x00007ff6be7b8bad (C:\Users\maher\AppData\Local\Android\Sdk\ndk\26.1.10909125\toolchains\llvm\prebuilt\windows-x86_64\bin\clang++.exe+0x2f58bad)
   #8 0x00007ff6be7b7bac (C:\Users\maher\AppData\Local\Android\Sdk\ndk\26.1.10909125\toolchains\llvm\prebuilt\windows-x86_64\bin\clang++.exe+0x2f57bac)
   #9 0x00007ff6be7bc031 (C:\Users\maher\AppData\Local\Android\Sdk\ndk\26.1.10909125\toolchains\llvm\prebuilt\windows-x86_64\bin\clang++.exe+0x2f5c031)
  #10 0x00007ff6bcfea1a2 (C:\Users\maher\AppData\Local\Android\Sdk\ndk\26.1.10909125\toolchains\llvm\prebuilt\windows-x86_64\bin\clang++.exe+0x178a1a2)
  #11 0x00007ff6bcee6d35 (C:\Users\maher\AppData\Local\Android\Sdk\ndk\26.1.10909125\toolchains\llvm\prebuilt\windows-x86_64\bin\clang++.exe+0x1686d35)
  #12 0x00007ff6be7ba394 (C:\Users\maher\AppData\Local\Android\Sdk\ndk\26.1.10909125\toolchains\llvm\prebuilt\windows-x86_64\bin\clang++.exe+0x2f5a394)
  #13 0x00007ff6bcee7169 (C:\Users\maher\AppData\Local\Android\Sdk\ndk\26.1.10909125\toolchains\llvm\prebuilt\windows-x86_64\bin\clang++.exe+0x1687169)
  #14 0x00007ff6be7ba94f (C:\Users\maher\AppData\Local\Android\Sdk\ndk\26.1.10909125\toolchains\llvm\prebuilt\windows-x86_64\bin\clang++.exe+0x2f5a94f)
  #15 0x00007ff6be7b874b (C:\Users\maher\AppData\Local\Android\Sdk\ndk\26.1.10909125\toolchains\llvm\prebuilt\windows-x86_64\bin\clang++.exe+0x2f5874b)
  #16 0x00007ff6be7b7bac (C:\Users\maher\AppData\Local\Android\Sdk\ndk\26.1.10909125\toolchains\llvm\prebuilt\windows-x86_64\bin\clang++.exe+0x2f57bac)
  #17 0x00007ff6be7bc031 (C:\Users\maher\AppData\Local\Android\Sdk\ndk\26.1.10909125\toolchains\llvm\prebuilt\windows-x86_64\bin\clang++.exe+0x2f5c031)
  #18 0x00007ff6bcfea1a2 (C:\Users\maher\AppData\Local\Android\Sdk\ndk\26.1.10909125\toolchains\llvm\prebuilt\windows-x86_64\bin\clang++.exe+0x178a1a2)
  #19 0x00007ff6bcee6d35 (C:\Users\maher\AppData\Local\Android\Sdk\ndk\26.1.10909125\toolchains\llvm\prebuilt\windows-x86_64\bin\clang++.exe+0x1686d35)
  #20 0x00007ff6be7ba394 (C:\Users\maher\AppData\Local\Android\Sdk\ndk\26.1.10909125\toolchains\llvm\prebuilt\windows-x86_64\bin\clang++.exe+0x2f5a394)
  #21 0x00007ff6bcee7169 (C:\Users\maher\AppData\Local\Android\Sdk\ndk\26.1.10909125\toolchains\llvm\prebuilt\windows-x86_64\bin\clang++.exe+0x1687169)
  #22 0x00007ff6be7ba94f (C:\Users\maher\AppData\Local\Android\Sdk\ndk\26.1.10909125\toolchains\llvm\prebuilt\windows-x86_64\bin\clang++.exe+0x2f5a94f)
  #23 0x00007ff6be7b874b (C:\Users\maher\AppData\Local\Android\Sdk\ndk\26.1.10909125\toolchains\llvm\prebuilt\windows-x86_64\bin\clang++.exe+0x2f5874b)
  #24 0x00007ff6be7b7bac (C:\Users\maher\AppData\Local\Android\Sdk\ndk\26.1.10909125\toolchains\llvm\prebuilt\windows-x86_64\bin\clang++.exe+0x2f57bac)
  #25 0x00007ff6be7bc031 (C:\Users\maher\AppData\Local\Android\Sdk\ndk\26.1.10909125\toolchains\llvm\prebuilt\windows-x86_64\bin\clang++.exe+0x2f5c031)
  #26 0x00007ff6bcfea1a2 (C:\Users\maher\AppData\Local\Android\Sdk\ndk\26.1.10909125\toolchains\llvm\prebuilt\windows-x86_64\bin\clang++.exe+0x178a1a2)
  #27 0x00007ff6bcee6d35 (C:\Users\maher\AppData\Local\Android\Sdk\ndk\26.1.10909125\toolchains\llvm\prebuilt\windows-x86_64\bin\clang++.exe+0x1686d35)
  #28 0x00007ff6be7ba394 (C:\Users\maher\AppData\Local\Android\Sdk\ndk\26.1.10909125\toolchains\llvm\prebuilt\windows-x86_64\bin\clang++.exe+0x2f5a394)
  #29 0x00007ff6bcee7169 (C:\Users\maher\AppData\Local\Android\Sdk\ndk\26.1.10909125\toolchains\llvm\prebuilt\windows-x86_64\bin\clang++.exe+0x1687169)
  #30 0x00007ff6be7ba94f (C:\Users\maher\AppData\Local\Android\Sdk\ndk\26.1.10909125\toolchains\llvm\prebuilt\windows-x86_64\bin\clang++.exe+0x2f5a94f)
  #31 0x00007ff6be7b874b (C:\Users\maher\AppData\Local\Android\Sdk\ndk\26.1.10909125\toolchains\llvm\prebuilt\windows-x86_64\bin\clang++.exe+0x2f5874b)
  #32 0x00007ff6be7b7bac (C:\Users\maher\AppData\Local\Android\Sdk\ndk\26.1.10909125\toolchains\llvm\prebuilt\windows-x86_64\bin\clang++.exe+0x2f57bac)
  #33 0x00007ff6be7bc031 (C:\Users\maher\AppData\Local\Android\Sdk\ndk\26.1.10909125\toolchains\llvm\prebuilt\windows-x86_64\bin\clang++.exe+0x2f5c031)
  #34 0x00007ff6bcfea1a2 (C:\Users\maher\AppData\Local\Android\Sdk\ndk\26.1.10909125\toolchains\llvm\prebuilt\windows-x86_64\bin\clang++.exe+0x178a1a2)
  #35 0x00007ff6bcee6d35 (C:\Users\maher\AppData\Local\Android\Sdk\ndk\26.1.10909125\toolchains\llvm\prebuilt\windows-x86_64\bin\clang++.exe+0x1686d35)
  #36 0x00007ff6be7ba394 (C:\Users\maher\AppData\Local\Android\Sdk\ndk\26.1.10909125\toolchains\llvm\prebuilt\windows-x86_64\bin\clang++.exe+0x2f5a394)
  #37 0x00007ff6bcee7169 (C:\Users\maher\AppData\Local\Android\Sdk\ndk\26.1.10909125\toolchains\llvm\prebuilt\windows-x86_64\bin\clang++.exe+0x1687169)
  #38 0x00007ff6be7ba94f (C:\Users\maher\AppData\Local\Android\Sdk\ndk\26.1.10909125\toolchains\llvm\prebuilt\windows-x86_64\bin\clang++.exe+0x2f5a94f)
  #39 0x00007ff6be7b874b (C:\Users\maher\AppData\Local\Android\Sdk\ndk\26.1.10909125\toolchains\llvm\prebuilt\windows-x86_64\bin\clang++.exe+0x2f5874b)
  #40 0x00007ff6be7b7bac (C:\Users\maher\AppData\Local\Android\Sdk\ndk\26.1.10909125\toolchains\llvm\prebuilt\windows-x86_64\bin\clang++.exe+0x2f57bac)
  #41 0x00007ff6be7bc031 (C:\Users\maher\AppData\Local\Android\Sdk\ndk\26.1.10909125\toolchains\llvm\prebuilt\windows-x86_64\bin\clang++.exe+0x2f5c031)
  #42 0x00007ff6bcfea1a2 (C:\Users\maher\AppData\Local\Android\Sdk\ndk\26.1.10909125\toolchains\llvm\prebuilt\windows-x86_64\bin\clang++.exe+0x178a1a2)
  #43 0x00007ff6bcee6d35 (C:\Users\maher\AppData\Local\Android\Sdk\ndk\26.1.10909125\toolchains\llvm\prebuilt\windows-x86_64\bin\clang++.exe+0x1686d35)
  #44 0x00007ff6be7ba394 (C:\Users\maher\AppData\Local\Android\Sdk\ndk\26.1.10909125\toolchains\llvm\prebuilt\windows-x86_64\bin\clang++.exe+0x2f5a394)
  #45 0x00007ff6bcee7169 (C:\Users\maher\AppData\Local\Android\Sdk\ndk\26.1.10909125\toolchains\llvm\prebuilt\windows-x86_64\bin\clang++.exe+0x1687169)
  #46 0x00007ff6bf731f2f (C:\Users\maher\AppData\Local\Android\Sdk\ndk\26.1.10909125\toolchains\llvm\prebuilt\windows-x86_64\bin\clang++.exe+0x3ed1f2f)
  #47 0x00007ff6bfe925b1 (C:\Users\maher\AppData\Local\Android\Sdk\ndk\26.1.10909125\toolchains\llvm\prebuilt\windows-x86_64\bin\clang++.exe+0x46325b1)
  #48 0x00007ff6bf738756 (C:\Users\maher\AppData\Local\Android\Sdk\ndk\26.1.10909125\toolchains\llvm\prebuilt\windows-x86_64\bin\clang++.exe+0x3ed8756)
  #49 0x00007ff6bf7381a9 (C:\Users\maher\AppData\Local\Android\Sdk\ndk\26.1.10909125\toolchains\llvm\prebuilt\windows-x86_64\bin\clang++.exe+0x3ed81a9)
  #50 0x00007ff6bf736ec3 (C:\Users\maher\AppData\Local\Android\Sdk\ndk\26.1.10909125\toolchains\llvm\prebuilt\windows-x86_64\bin\clang++.exe+0x3ed6ec3)
  #51 0x00007ff6bfe69d1e (C:\Users\maher\AppData\Local\Android\Sdk\ndk\26.1.10909125\toolchains\llvm\prebuilt\windows-x86_64\bin\clang++.exe+0x4609d1e)
  #52 0x00007ff6bfe69388 (C:\Users\maher\AppData\Local\Android\Sdk\ndk\26.1.10909125\toolchains\llvm\prebuilt\windows-x86_64\bin\clang++.exe+0x4609388)
  #53 0x00007ff6bfe90d24 (C:\Users\maher\AppData\Local\Android\Sdk\ndk\26.1.10909125\toolchains\llvm\prebuilt\windows-x86_64\bin\clang++.exe+0x4630d24)
  #54 0x00007ff6bf73680c (C:\Users\maher\AppData\Local\Android\Sdk\ndk\26.1.10909125\toolchains\llvm\prebuilt\windows-x86_64\bin\clang++.exe+0x3ed680c)
  #55 0x00007ff6bfe69d1e (C:\Users\maher\AppData\Local\Android\Sdk\ndk\26.1.10909125\toolchains\llvm\prebuilt\windows-x86_64\bin\clang++.exe+0x4609d1e)
  #56 0x00007ff6bfe69388 (C:\Users\maher\AppData\Local\Android\Sdk\ndk\26.1.10909125\toolchains\llvm\prebuilt\windows-x86_64\bin\clang++.exe+0x4609388)
  #57 0x00007ff6bfe90d24 (C:\Users\maher\AppData\Local\Android\Sdk\ndk\26.1.10909125\toolchains\llvm\prebuilt\windows-x86_64\bin\clang++.exe+0x4630d24)
  #58 0x00007ff6bf73680c (C:\Users\maher\AppData\Local\Android\Sdk\ndk\26.1.10909125\toolchains\llvm\prebuilt\windows-x86_64\bin\clang++.exe+0x3ed680c)
  #59 0x00007ff6bfe69d1e (C:\Users\maher\AppData\Local\Android\Sdk\ndk\26.1.10909125\toolchains\llvm\prebuilt\windows-x86_64\bin\clang++.exe+0x4609d1e)
  #60 0x00007ff6bfe69388 (C:\Users\maher\AppData\Local\Android\Sdk\ndk\26.1.10909125\toolchains\llvm\prebuilt\windows-x86_64\bin\clang++.exe+0x4609388)
  #61 0x00007ff6bfe90d24 (C:\Users\maher\AppData\Local\Android\Sdk\ndk\26.1.10909125\toolchains\llvm\prebuilt\windows-x86_64\bin\clang++.exe+0x4630d24)
  #62 0x00007ff6bf73680c (C:\Users\maher\AppData\Local\Android\Sdk\ndk\26.1.10909125\toolchains\llvm\prebuilt\windows-x86_64\bin\clang++.exe+0x3ed680c)
  #63 0x00007ff6bf734db4 (C:\Users\maher\AppData\Local\Android\Sdk\ndk\26.1.10909125\toolchains\llvm\prebuilt\windows-x86_64\bin\clang++.exe+0x3ed4db4)
  #64 0x00007ff6be89cd9e (C:\Users\maher\AppData\Local\Android\Sdk\ndk\26.1.10909125\toolchains\llvm\prebuilt\windows-x86_64\bin\clang++.exe+0x303cd9e)
  #65 0x00007ff6bcfc5264 (C:\Users\maher\AppData\Local\Android\Sdk\ndk\26.1.10909125\toolchains\llvm\prebuilt\windows-x86_64\bin\clang++.exe+0x1765264)
  #66 0x00007ff6bbf5a7a4 (C:\Users\maher\AppData\Local\Android\Sdk\ndk\26.1.10909125\toolchains\llvm\prebuilt\windows-x86_64\bin\clang++.exe+0x6fa7a4)
  #67 0x00007ff6bbfdfccf (C:\Users\maher\AppData\Local\Android\Sdk\ndk\26.1.10909125\toolchains\llvm\prebuilt\windows-x86_64\bin\clang++.exe+0x77fccf)
  #68 0x00007ff6bb868941 (C:\Users\maher\AppData\Local\Android\Sdk\ndk\26.1.10909125\toolchains\llvm\prebuilt\windows-x86_64\bin\clang++.exe+0x8941)
  #69 0x00007ff6bb865432 (C:\Users\maher\AppData\Local\Android\Sdk\ndk\26.1.10909125\toolchains\llvm\prebuilt\windows-x86_64\bin\clang++.exe+0x5432)
  #70 0x00007ff6bcd8add6 (C:\Users\maher\AppData\Local\Android\Sdk\ndk\26.1.10909125\toolchains\llvm\prebuilt\windows-x86_64\bin\clang++.exe+0x152add6)
  #71 0x00007ff6bbdad31d (C:\Users\maher\AppData\Local\Android\Sdk\ndk\26.1.10909125\toolchains\llvm\prebuilt\windows-x86_64\bin\clang++.exe+0x54d31d)
  #72 0x00007ff6bcd8a711 (C:\Users\maher\AppData\Local\Android\Sdk\ndk\26.1.10909125\toolchains\llvm\prebuilt\windows-x86_64\bin\clang++.exe+0x152a711)
  #73 0x00007ff6bbf183b6 (C:\Users\maher\AppData\Local\Android\Sdk\ndk\26.1.10909125\toolchains\llvm\prebuilt\windows-x86_64\bin\clang++.exe+0x6b83b6)
  #74 0x00007ff6bbf1862e (C:\Users\maher\AppData\Local\Android\Sdk\ndk\26.1.10909125\toolchains\llvm\prebuilt\windows-x86_64\bin\clang++.exe+0x6b862e)
  #75 0x00007ff6bbf32c9b (C:\Users\maher\AppData\Local\Android\Sdk\ndk\26.1.10909125\toolchains\llvm\prebuilt\windows-x86_64\bin\clang++.exe+0x6d2c9b)
  #76 0x00007ff6bb8646be (C:\Users\maher\AppData\Local\Android\Sdk\ndk\26.1.10909125\toolchains\llvm\prebuilt\windows-x86_64\bin\clang++.exe+0x46be)
  #77 0x00007ff6bb861395 (C:\Users\maher\AppData\Local\Android\Sdk\ndk\26.1.10909125\toolchains\llvm\prebuilt\windows-x86_64\bin\clang++.exe+0x1395)
  #78 0x00007ff6bb8614c8 (C:\Users\maher\AppData\Local\Android\Sdk\ndk\26.1.10909125\toolchains\llvm\prebuilt\windows-x86_64\bin\clang++.exe+0x14c8)
  #79 0x00007ff8f618e957 (C:\WINDOWS\System32\KERNEL32.DLL+0x2e957)
  #80 0x00007ff8f842ad6c (C:\WINDOWS\SYSTEM32\ntdll.dll+0xaad6c)
  clang++: error: clang frontend command failed due to signal (use -v to see invocation)
  Android (10552028, based on r487747d) clang version 17.0.2 (https://android.googlesource.com/toolchain/llvm-project d9f89f4d16663d5012e5c09495f3b30ece3d2362)
  Target: aarch64-none-linux-android23
  Thread model: posix
  InstalledDir: C:/Users/maher/AppData/Local/Android/Sdk/ndk/26.1.10909125/toolchains/llvm/prebuilt/windows-x86_64/bin
  clang++: note: diagnostic msg: 
  ********************
  
  PLEASE ATTACH THE FOLLOWING FILES TO THE BUG REPORT:
  Preprocessed source(s) and associated run script(s) are located at:
  clang++: note: diagnostic msg: C:/Users/maher/AppData/Local/Temp/JavaScriptWeakObject-390d83.cpp
  clang++: note: diagnostic msg: C:/Users/maher/AppData/Local/Temp/JavaScriptWeakObject-390d83.sh
  clang++: note: diagnostic msg: 
  
  ********************
  [6/16] Building CXX object CMakeFiles/expo-modules-core.dir/src/main/cpp/WeakRuntimeHolder.cpp.o
  FAILED: CMakeFiles/expo-modules-core.dir/src/main/cpp/WeakRuntimeHolder.cpp.o 
  C:\Users\maher\AppData\Local\Android\Sdk\ndk\26.1.10909125\toolchains\llvm\prebuilt\windows-x86_64\bin\clang++.exe --target=aarch64-none-linux-android23 --sysroot=C:/Users/maher/AppData/Local/Android/Sdk/ndk/26.1.10909125/toolchains/llvm/prebuilt/windows-x86_64/sysroot -Dexpo_modules_core_EXPORTS -IC:/Users/maher/.gradle/caches/8.8/transforms/f7e7d8e15b8dd6d3df49e4b533bc2e58/transformed/jetified-react-android-0.74.5-debug/prefab/modules/reactnativejni/include/react -IE:/Projet/TechWebM/App/LeafSense/Frontend/node_modules/react-native/ReactAndroid/src/main/jni/react/turbomodule -IE:/Projet/TechWebM/App/LeafSense/Frontend/node_modules/expo-modules-core/android/../common/cpp -IE:/Projet/TechWebM/App/LeafSense/Frontend/node_modules/expo-modules-core/android/src/fabric -isystem C:/Users/maher/.gradle/caches/8.8/transforms/7ae4e699c1ae69bd207be2e4a6a586df/transformed/jetified-fbjni-0.6.0/prefab/modules/fbjni/include -isystem C:/Users/maher/.gradle/caches/8.8/transforms/f7e7d8e15b8dd6d3df49e4b533bc2e58/transformed/jetified-react-android-0.74.5-debug/prefab/modules/jsi/include -isystem C:/Users/maher/.gradle/caches/8.8/transforms/f7e7d8e15b8dd6d3df49e4b533bc2e58/transformed/jetified-react-android-0.74.5-debug/prefab/modules/reactnativejni/include -isystem C:/Users/maher/.gradle/caches/8.8/transforms/f7e7d8e15b8dd6d3df49e4b533bc2e58/transformed/jetified-react-android-0.74.5-debug/prefab/modules/folly_runtime/include -isystem C:/Users/maher/.gradle/caches/8.8/transforms/f7e7d8e15b8dd6d3df49e4b533bc2e58/transformed/jetified-react-android-0.74.5-debug/prefab/modules/react_nativemodule_core/include -g -DANDROID -fdata-sections -ffunction-sections -funwind-tables -fstack-protector-strong -no-canonical-prefixes -D_FORTIFY_SOURCE=2 -Wformat -Werror=format-security   -DREACT_NATIVE_TARGET_VERSION=74 -fno-limit-debug-info  -fPIC -DFOLLY_NO_CONFIG=1 -DFOLLY_HAVE_CLOCK_GETTIME=1 -DFOLLY_USE_LIBCPP=1 -DFOLLY_CFG_NO_COROUTINES=1 -DFOLLY_MOBILE=1 -DFOLLY_HAVE_RECVMMSG=1 -DFOLLY_HAVE_PTHREAD=1 -DFOLLY_HAVE_XSI_STRERROR_R=1 -O2 -frtti -fexceptions -Wall -fstack-protector-all -DUSE_HERMES=0 -DUNIT_TEST=0 -std=gnu++20 -MD -MT CMakeFiles/expo-modules-core.dir/src/main/cpp/WeakRuntimeHolder.cpp.o -MF CMakeFiles\expo-modules-core.dir\src\main\cpp\WeakRuntimeHolder.cpp.o.d -o CMakeFiles/expo-modules-core.dir/src/main/cpp/WeakRuntimeHolder.cpp.o -c E:/Projet/TechWebM/App/LeafSense/Frontend/node_modules/expo-modules-core/android/src/main/cpp/WeakRuntimeHolder.cpp
  LLVM ERROR: out of memory
  Allocation failed
  PLEASE submit a bug report to https://github.com/android-ndk/ndk/issues and include the crash backtrace, preprocessed source, and associated run script.
  Stack dump:
  0.	Program arguments: C:\\Users\\maher\\AppData\\Local\\Android\\Sdk\\ndk\\26.1.10909125\\toolchains\\llvm\\prebuilt\\windows-x86_64\\bin\\clang++.exe --target=aarch64-none-linux-android23 --sysroot=C:/Users/maher/AppData/Local/Android/Sdk/ndk/26.1.10909125/toolchains/llvm/prebuilt/windows-x86_64/sysroot -Dexpo_modules_core_EXPORTS -IC:/Users/maher/.gradle/caches/8.8/transforms/f7e7d8e15b8dd6d3df49e4b533bc2e58/transformed/jetified-react-android-0.74.5-debug/prefab/modules/reactnativejni/include/react -IE:/Projet/TechWebM/App/LeafSense/Frontend/node_modules/react-native/ReactAndroid/src/main/jni/react/turbomodule -IE:/Projet/TechWebM/App/LeafSense/Frontend/node_modules/expo-modules-core/android/../common/cpp -IE:/Projet/TechWebM/App/LeafSense/Frontend/node_modules/expo-modules-core/android/src/fabric -isystem C:/Users/maher/.gradle/caches/8.8/transforms/7ae4e699c1ae69bd207be2e4a6a586df/transformed/jetified-fbjni-0.6.0/prefab/modules/fbjni/include -isystem C:/Users/maher/.gradle/caches/8.8/transforms/f7e7d8e15b8dd6d3df49e4b533bc2e58/transformed/jetified-react-android-0.74.5-debug/prefab/modules/jsi/include -isystem C:/Users/maher/.gradle/caches/8.8/transforms/f7e7d8e15b8dd6d3df49e4b533bc2e58/transformed/jetified-react-android-0.74.5-debug/prefab/modules/reactnativejni/include -isystem C:/Users/maher/.gradle/caches/8.8/transforms/f7e7d8e15b8dd6d3df49e4b533bc2e58/transformed/jetified-react-android-0.74.5-debug/prefab/modules/folly_runtime/include -isystem C:/Users/maher/.gradle/caches/8.8/transforms/f7e7d8e15b8dd6d3df49e4b533bc2e58/transformed/jetified-react-android-0.74.5-debug/prefab/modules/react_nativemodule_core/include -g -DANDROID -fdata-sections -ffunction-sections -funwind-tables -fstack-protector-strong -no-canonical-prefixes -D_FORTIFY_SOURCE=2 -Wformat -Werror=format-security -DREACT_NATIVE_TARGET_VERSION=74 -fno-limit-debug-info -fPIC -DFOLLY_NO_CONFIG=1 -DFOLLY_HAVE_CLOCK_GETTIME=1 -DFOLLY_USE_LIBCPP=1 -DFOLLY_CFG_NO_COROUTINES=1 -DFOLLY_MOBILE=1 -DFOLLY_HAVE_RECVMMSG=1 -DFOLLY_HAVE_PTHREAD=1 -DFOLLY_HAVE_XSI_STRERROR_R=1 -O2 -frtti -fexceptions -Wall -fstack-protector-all -DUSE_HERMES=0 -DUNIT_TEST=0 -std=gnu++20 -MD -MT CMakeFiles/expo-modules-core.dir/src/main/cpp/WeakRuntimeHolder.cpp.o -MF CMakeFiles\\expo-modules-core.dir\\src\\main\\cpp\\WeakRuntimeHolder.cpp.o.d -o CMakeFiles/expo-modules-core.dir/src/main/cpp/WeakRuntimeHolder.cpp.o -c E:/Projet/TechWebM/App/LeafSense/Frontend/node_modules/expo-modules-core/android/src/main/cpp/WeakRuntimeHolder.cpp
  1.	C:/Users/maher/.gradle/caches/8.8/transforms/f7e7d8e15b8dd6d3df49e4b533bc2e58/transformed/jetified-react-android-0.74.5-debug/prefab/modules/folly_runtime/include/folly/container/Access.h:97:1 <Spelling=C:/Users/maher/.gradle/caches/8.8/transforms/f7e7d8e15b8dd6d3df49e4b533bc2e58/transformed/jetified-react-android-0.74.5-debug/prefab/modules/folly_runtime/include/folly/functional/Invoke.h:405:3>: current parser token 'BOOST_PP_EXPR_IIF'
  2.	C:/Users/maher/.gradle/caches/8.8/transforms/f7e7d8e15b8dd6d3df49e4b533bc2e58/transformed/jetified-react-android-0.74.5-debug/prefab/modules/folly_runtime/include/folly/container/Access.h:25:1: parsing namespace 'folly'
  3.	C:/Users/maher/.gradle/caches/8.8/transforms/f7e7d8e15b8dd6d3df49e4b533bc2e58/transformed/jetified-react-android-0.74.5-debug/prefab/modules/folly_runtime/include/folly/container/Access.h:27:1: parsing namespace 'folly::access'
  4.	C:/Users/maher/.gradle/caches/8.8/transforms/f7e7d8e15b8dd6d3df49e4b533bc2e58/transformed/jetified-react-android-0.74.5-debug/prefab/modules/folly_runtime/include/folly/container/Access.h:97:1 <Spelling=C:/Users/maher/.gradle/caches/8.8/transforms/f7e7d8e15b8dd6d3df49e4b533bc2e58/transformed/jetified-react-android-0.74.5-debug/prefab/modules/folly_runtime/include/folly/functional/Invoke.h:474:3>: parsing namespace 'folly::access::end_fn__folly_detail_invoke_ns'
  Exception Code: 0xC000001D
   #0 0x00007ff6bbde6096 (C:\Users\maher\AppData\Local\Android\Sdk\ndk\26.1.10909125\toolchains\llvm\prebuilt\windows-x86_64\bin\clang++.exe+0x586096)
   #1 0x00007ff8f5b42139 (C:\WINDOWS\System32\ucrtbase.dll+0xc2139)
   #2 0x00007ff8f5b25261 (C:\WINDOWS\System32\ucrtbase.dll+0xa5261)
   #3 0x00007ff6bbdaef15 (C:\Users\maher\AppData\Local\Android\Sdk\ndk\26.1.10909125\toolchains\llvm\prebuilt\windows-x86_64\bin\clang++.exe+0x54ef15)
   #4 0x00007ff6bbdb3793 (C:\Users\maher\AppData\Local\Android\Sdk\ndk\26.1.10909125\toolchains\llvm\prebuilt\windows-x86_64\bin\clang++.exe+0x553793)
   #5 0x00007ff6bcbd7af6 (C:\Users\maher\AppData\Local\Android\Sdk\ndk\26.1.10909125\toolchains\llvm\prebuilt\windows-x86_64\bin\clang++.exe+0x1377af6)
   #6 0x00007ff6be7ba07b (C:\Users\maher\AppData\Local\Android\Sdk\ndk\26.1.10909125\toolchains\llvm\prebuilt\windows-x86_64\bin\clang++.exe+0x2f5a07b)
   #7 0x00007ff6be7b8bad (C:\Users\maher\AppData\Local\Android\Sdk\ndk\26.1.10909125\toolchains\llvm\prebuilt\windows-x86_64\bin\clang++.exe+0x2f58bad)
   #8 0x00007ff6be7b7bac (C:\Users\maher\AppData\Local\Android\Sdk\ndk\26.1.10909125\toolchains\llvm\prebuilt\windows-x86_64\bin\clang++.exe+0x2f57bac)
   #9 0x00007ff6be7bc031 (C:\Users\maher\AppData\Local\Android\Sdk\ndk\26.1.10909125\toolchains\llvm\prebuilt\windows-x86_64\bin\clang++.exe+0x2f5c031)
  #10 0x00007ff6bcfea1a2 (C:\Users\maher\AppData\Local\Android\Sdk\ndk\26.1.10909125\toolchains\llvm\prebuilt\windows-x86_64\bin\clang++.exe+0x178a1a2)
  #11 0x00007ff6bcee6d35 (C:\Users\maher\AppData\Local\Android\Sdk\ndk\26.1.10909125\toolchains\llvm\prebuilt\windows-x86_64\bin\clang++.exe+0x1686d35)
  #12 0x00007ff6be7ba394 (C:\Users\maher\AppData\Local\Android\Sdk\ndk\26.1.10909125\toolchains\llvm\prebuilt\windows-x86_64\bin\clang++.exe+0x2f5a394)
  #13 0x00007ff6bcee7169 (C:\Users\maher\AppData\Local\Android\Sdk\ndk\26.1.10909125\toolchains\llvm\prebuilt\windows-x86_64\bin\clang++.exe+0x1687169)
  #14 0x00007ff6be7ba94f (C:\Users\maher\AppData\Local\Android\Sdk\ndk\26.1.10909125\toolchains\llvm\prebuilt\windows-x86_64\bin\clang++.exe+0x2f5a94f)
  #15 0x00007ff6be7b874b (C:\Users\maher\AppData\Local\Android\Sdk\ndk\26.1.10909125\toolchains\llvm\prebuilt\windows-x86_64\bin\clang++.exe+0x2f5874b)
  #16 0x00007ff6be7b7bac (C:\Users\maher\AppData\Local\Android\Sdk\ndk\26.1.10909125\toolchains\llvm\prebuilt\windows-x86_64\bin\clang++.exe+0x2f57bac)
  #17 0x00007ff6be7bc031 (C:\Users\maher\AppData\Local\Android\Sdk\ndk\26.1.10909125\toolchains\llvm\prebuilt\windows-x86_64\bin\clang++.exe+0x2f5c031)
  #18 0x00007ff6bcfea1a2 (C:\Users\maher\AppData\Local\Android\Sdk\ndk\26.1.10909125\toolchains\llvm\prebuilt\windows-x86_64\bin\clang++.exe+0x178a1a2)
  #19 0x00007ff6bcee6d35 (C:\Users\maher\AppData\Local\Android\Sdk\ndk\26.1.10909125\toolchains\llvm\prebuilt\windows-x86_64\bin\clang++.exe+0x1686d35)
  #20 0x00007ff6be7ba394 (C:\Users\maher\AppData\Local\Android\Sdk\ndk\26.1.10909125\toolchains\llvm\prebuilt\windows-x86_64\bin\clang++.exe+0x2f5a394)
  #21 0x00007ff6bcee7169 (C:\Users\maher\AppData\Local\Android\Sdk\ndk\26.1.10909125\toolchains\llvm\prebuilt\windows-x86_64\bin\clang++.exe+0x1687169)
  #22 0x00007ff6be7ba94f (C:\Users\maher\AppData\Local\Android\Sdk\ndk\26.1.10909125\toolchains\llvm\prebuilt\windows-x86_64\bin\clang++.exe+0x2f5a94f)
  #23 0x00007ff6be7b874b (C:\Users\maher\AppData\Local\Android\Sdk\ndk\26.1.10909125\toolchains\llvm\prebuilt\windows-x86_64\bin\clang++.exe+0x2f5874b)
  #24 0x00007ff6be7b7bac (C:\Users\maher\AppData\Local\Android\Sdk\ndk\26.1.10909125\toolchains\llvm\prebuilt\windows-x86_64\bin\clang++.exe+0x2f57bac)
  #25 0x00007ff6be7bc031 (C:\Users\maher\AppData\Local\Android\Sdk\ndk\26.1.10909125\toolchains\llvm\prebuilt\windows-x86_64\bin\clang++.exe+0x2f5c031)
  #26 0x00007ff6bcfea1a2 (C:\Users\maher\AppData\Local\Android\Sdk\ndk\26.1.10909125\toolchains\llvm\prebuilt\windows-x86_64\bin\clang++.exe+0x178a1a2)
  #27 0x00007ff6bcee6d35 (C:\Users\maher\AppData\Local\Android\Sdk\ndk\26.1.10909125\toolchains\llvm\prebuilt\windows-x86_64\bin\clang++.exe+0x1686d35)
  #28 0x00007ff6be7ba394 (C:\Users\maher\AppData\Local\Android\Sdk\ndk\26.1.10909125\toolchains\llvm\prebuilt\windows-x86_64\bin\clang++.exe+0x2f5a394)
  #29 0x00007ff6bcee7169 (C:\Users\maher\AppData\Local\Android\Sdk\ndk\26.1.10909125\toolchains\llvm\prebuilt\windows-x86_64\bin\clang++.exe+0x1687169)
  #30 0x00007ff6be7ba94f (C:\Users\maher\AppData\Local\Android\Sdk\ndk\26.1.10909125\toolchains\llvm\prebuilt\windows-x86_64\bin\clang++.exe+0x2f5a94f)
  #31 0x00007ff6be7b874b (C:\Users\maher\AppData\Local\Android\Sdk\ndk\26.1.10909125\toolchains\llvm\prebuilt\windows-x86_64\bin\clang++.exe+0x2f5874b)
  #32 0x00007ff6be7b7bac (C:\Users\maher\AppData\Local\Android\Sdk\ndk\26.1.10909125\toolchains\llvm\prebuilt\windows-x86_64\bin\clang++.exe+0x2f57bac)
  #33 0x00007ff6be7bc031 (C:\Users\maher\AppData\Local\Android\Sdk\ndk\26.1.10909125\toolchains\llvm\prebuilt\windows-x86_64\bin\clang++.exe+0x2f5c031)
  #34 0x00007ff6bcfea1a2 (C:\Users\maher\AppData\Local\Android\Sdk\ndk\26.1.10909125\toolchains\llvm\prebuilt\windows-x86_64\bin\clang++.exe+0x178a1a2)
  #35 0x00007ff6bcee6d35 (C:\Users\maher\AppData\Local\Android\Sdk\ndk\26.1.10909125\toolchains\llvm\prebuilt\windows-x86_64\bin\clang++.exe+0x1686d35)
  #36 0x00007ff6be7ba394 (C:\Users\maher\AppData\Local\Android\Sdk\ndk\26.1.10909125\toolchains\llvm\prebuilt\windows-x86_64\bin\clang++.exe+0x2f5a394)
  #37 0x00007ff6bcee7169 (C:\Users\maher\AppData\Local\Android\Sdk\ndk\26.1.10909125\toolchains\llvm\prebuilt\windows-x86_64\bin\clang++.exe+0x1687169)
  #38 0x00007ff6be7ba94f (C:\Users\maher\AppData\Local\Android\Sdk\ndk\26.1.10909125\toolchains\llvm\prebuilt\windows-x86_64\bin\clang++.exe+0x2f5a94f)
  #39 0x00007ff6be7b874b (C:\Users\maher\AppData\Local\Android\Sdk\ndk\26.1.10909125\toolchains\llvm\prebuilt\windows-x86_64\bin\clang++.exe+0x2f5874b)
  #40 0x00007ff6be7b7bac (C:\Users\maher\AppData\Local\Android\Sdk\ndk\26.1.10909125\toolchains\llvm\prebuilt\windows-x86_64\bin\clang++.exe+0x2f57bac)
  #41 0x00007ff6be7bc031 (C:\Users\maher\AppData\Local\Android\Sdk\ndk\26.1.10909125\toolchains\llvm\prebuilt\windows-x86_64\bin\clang++.exe+0x2f5c031)
  #42 0x00007ff6bcfea1a2 (C:\Users\maher\AppData\Local\Android\Sdk\ndk\26.1.10909125\toolchains\llvm\prebuilt\windows-x86_64\bin\clang++.exe+0x178a1a2)
  #43 0x00007ff6bcee6d35 (C:\Users\maher\AppData\Local\Android\Sdk\ndk\26.1.10909125\toolchains\llvm\prebuilt\windows-x86_64\bin\clang++.exe+0x1686d35)
  #44 0x00007ff6be7ba394 (C:\Users\maher\AppData\Local\Android\Sdk\ndk\26.1.10909125\toolchains\llvm\prebuilt\windows-x86_64\bin\clang++.exe+0x2f5a394)
  #45 0x00007ff6bcee7169 (C:\Users\maher\AppData\Local\Android\Sdk\ndk\26.1.10909125\toolchains\llvm\prebuilt\windows-x86_64\bin\clang++.exe+0x1687169)
  #46 0x00007ff6be7ba94f (C:\Users\maher\AppData\Local\Android\Sdk\ndk\26.1.10909125\toolchains\llvm\prebuilt\windows-x86_64\bin\clang++.exe+0x2f5a94f)
  #47 0x00007ff6be7b874b (C:\Users\maher\AppData\Local\Android\Sdk\ndk\26.1.10909125\toolchains\llvm\prebuilt\windows-x86_64\bin\clang++.exe+0x2f5874b)
  #48 0x00007ff6be7b7bac (C:\Users\maher\AppData\Local\Android\Sdk\ndk\26.1.10909125\toolchains\llvm\prebuilt\windows-x86_64\bin\clang++.exe+0x2f57bac)
  #49 0x00007ff6be7bc031 (C:\Users\maher\AppData\Local\Android\Sdk\ndk\26.1.10909125\toolchains\llvm\prebuilt\windows-x86_64\bin\clang++.exe+0x2f5c031)
  #50 0x00007ff6bcfea1a2 (C:\Users\maher\AppData\Local\Android\Sdk\ndk\26.1.10909125\toolchains\llvm\prebuilt\windows-x86_64\bin\clang++.exe+0x178a1a2)
  #51 0x00007ff6bcee6d35 (C:\Users\maher\AppData\Local\Android\Sdk\ndk\26.1.10909125\toolchains\llvm\prebuilt\windows-x86_64\bin\clang++.exe+0x1686d35)
  #52 0x00007ff6be7ba394 (C:\Users\maher\AppData\Local\Android\Sdk\ndk\26.1.10909125\toolchains\llvm\prebuilt\windows-x86_64\bin\clang++.exe+0x2f5a394)
  #53 0x00007ff6bcee7169 (C:\Users\maher\AppData\Local\Android\Sdk\ndk\26.1.10909125\toolchains\llvm\prebuilt\windows-x86_64\bin\clang++.exe+0x1687169)
  #54 0x00007ff6bf731f2f (C:\Users\maher\AppData\Local\Android\Sdk\ndk\26.1.10909125\toolchains\llvm\prebuilt\windows-x86_64\bin\clang++.exe+0x3ed1f2f)
  #55 0x00007ff6bfe925b1 (C:\Users\maher\AppData\Local\Android\Sdk\ndk\26.1.10909125\toolchains\llvm\prebuilt\windows-x86_64\bin\clang++.exe+0x46325b1)
  #56 0x00007ff6bf738756 (C:\Users\maher\AppData\Local\Android\Sdk\ndk\26.1.10909125\toolchains\llvm\prebuilt\windows-x86_64\bin\clang++.exe+0x3ed8756)
  #57 0x00007ff6bf7381a9 (C:\Users\maher\AppData\Local\Android\Sdk\ndk\26.1.10909125\toolchains\llvm\prebuilt\windows-x86_64\bin\clang++.exe+0x3ed81a9)
  #58 0x00007ff6bf736ec3 (C:\Users\maher\AppData\Local\Android\Sdk\ndk\26.1.10909125\toolchains\llvm\prebuilt\windows-x86_64\bin\clang++.exe+0x3ed6ec3)
  #59 0x00007ff6bfe69d1e (C:\Users\maher\AppData\Local\Android\Sdk\ndk\26.1.10909125\toolchains\llvm\prebuilt\windows-x86_64\bin\clang++.exe+0x4609d1e)
  #60 0x00007ff6bfe69388 (C:\Users\maher\AppData\Local\Android\Sdk\ndk\26.1.10909125\toolchains\llvm\prebuilt\windows-x86_64\bin\clang++.exe+0x4609388)
  #61 0x00007ff6bfe90d24 (C:\Users\maher\AppData\Local\Android\Sdk\ndk\26.1.10909125\toolchains\llvm\prebuilt\windows-x86_64\bin\clang++.exe+0x4630d24)
  #62 0x00007ff6bf73680c (C:\Users\maher\AppData\Local\Android\Sdk\ndk\26.1.10909125\toolchains\llvm\prebuilt\windows-x86_64\bin\clang++.exe+0x3ed680c)
  #63 0x00007ff6bfe69d1e (C:\Users\maher\AppData\Local\Android\Sdk\ndk\26.1.10909125\toolchains\llvm\prebuilt\windows-x86_64\bin\clang++.exe+0x4609d1e)
  #64 0x00007ff6bfe69388 (C:\Users\maher\AppData\Local\Android\Sdk\ndk\26.1.10909125\toolchains\llvm\prebuilt\windows-x86_64\bin\clang++.exe+0x4609388)
  #65 0x00007ff6bfe90d24 (C:\Users\maher\AppData\Local\Android\Sdk\ndk\26.1.10909125\toolchains\llvm\prebuilt\windows-x86_64\bin\clang++.exe+0x4630d24)
  #66 0x00007ff6bf73680c (C:\Users\maher\AppData\Local\Android\Sdk\ndk\26.1.10909125\toolchains\llvm\prebuilt\windows-x86_64\bin\clang++.exe+0x3ed680c)
  #67 0x00007ff6bfe69d1e (C:\Users\maher\AppData\Local\Android\Sdk\ndk\26.1.10909125\toolchains\llvm\prebuilt\windows-x86_64\bin\clang++.exe+0x4609d1e)
  #68 0x00007ff6bfe69388 (C:\Users\maher\AppData\Local\Android\Sdk\ndk\26.1.10909125\toolchains\llvm\prebuilt\windows-x86_64\bin\clang++.exe+0x4609388)
  #69 0x00007ff6bfe90d24 (C:\Users\maher\AppData\Local\Android\Sdk\ndk\26.1.10909125\toolchains\llvm\prebuilt\windows-x86_64\bin\clang++.exe+0x4630d24)
  #70 0x00007ff6bf73680c (C:\Users\maher\AppData\Local\Android\Sdk\ndk\26.1.10909125\toolchains\llvm\prebuilt\windows-x86_64\bin\clang++.exe+0x3ed680c)
  #71 0x00007ff6bf734db4 (C:\Users\maher\AppData\Local\Android\Sdk\ndk\26.1.10909125\toolchains\llvm\prebuilt\windows-x86_64\bin\clang++.exe+0x3ed4db4)
  #72 0x00007ff6be89cd9e (C:\Users\maher\AppData\Local\Android\Sdk\ndk\26.1.10909125\toolchains\llvm\prebuilt\windows-x86_64\bin\clang++.exe+0x303cd9e)
  #73 0x00007ff6bcfc5264 (C:\Users\maher\AppData\Local\Android\Sdk\ndk\26.1.10909125\toolchains\llvm\prebuilt\windows-x86_64\bin\clang++.exe+0x1765264)
  #74 0x00007ff6bbf5a7a4 (C:\Users\maher\AppData\Local\Android\Sdk\ndk\26.1.10909125\toolchains\llvm\prebuilt\windows-x86_64\bin\clang++.exe+0x6fa7a4)
  #75 0x00007ff6bbfdfccf (C:\Users\maher\AppData\Local\Android\Sdk\ndk\26.1.10909125\toolchains\llvm\prebuilt\windows-x86_64\bin\clang++.exe+0x77fccf)
  #76 0x00007ff6bb868941 (C:\Users\maher\AppData\Local\Android\Sdk\ndk\26.1.10909125\toolchains\llvm\prebuilt\windows-x86_64\bin\clang++.exe+0x8941)
  #77 0x00007ff6bb865432 (C:\Users\maher\AppData\Local\Android\Sdk\ndk\26.1.10909125\toolchains\llvm\prebuilt\windows-x86_64\bin\clang++.exe+0x5432)
  #78 0x00007ff6bcd8add6 (C:\Users\maher\AppData\Local\Android\Sdk\ndk\26.1.10909125\toolchains\llvm\prebuilt\windows-x86_64\bin\clang++.exe+0x152add6)
  #79 0x00007ff6bbdad31d (C:\Users\maher\AppData\Local\Android\Sdk\ndk\26.1.10909125\toolchains\llvm\prebuilt\windows-x86_64\bin\clang++.exe+0x54d31d)
  #80 0x00007ff6bcd8a711 (C:\Users\maher\AppData\Local\Android\Sdk\ndk\26.1.10909125\toolchains\llvm\prebuilt\windows-x86_64\bin\clang++.exe+0x152a711)
  #81 0x00007ff6bbf183b6 (C:\Users\maher\AppData\Local\Android\Sdk\ndk\26.1.10909125\toolchains\llvm\prebuilt\windows-x86_64\bin\clang++.exe+0x6b83b6)
  #82 0x00007ff6bbf1862e (C:\Users\maher\AppData\Local\Android\Sdk\ndk\26.1.10909125\toolchains\llvm\prebuilt\windows-x86_64\bin\clang++.exe+0x6b862e)
  #83 0x00007ff6bbf32c9b (C:\Users\maher\AppData\Local\Android\Sdk\ndk\26.1.10909125\toolchains\llvm\prebuilt\windows-x86_64\bin\clang++.exe+0x6d2c9b)
  #84 0x00007ff6bb8646be (C:\Users\maher\AppData\Local\Android\Sdk\ndk\26.1.10909125\toolchains\llvm\prebuilt\windows-x86_64\bin\clang++.exe+0x46be)
  #85 0x00007ff6bb861395 (C:\Users\maher\AppData\Local\Android\Sdk\ndk\26.1.10909125\toolchains\llvm\prebuilt\windows-x86_64\bin\clang++.exe+0x1395)
  #86 0x00007ff6bb8614c8 (C:\Users\maher\AppData\Local\Android\Sdk\ndk\26.1.10909125\toolchains\llvm\prebuilt\windows-x86_64\bin\clang++.exe+0x14c8)
  #87 0x00007ff8f618e957 (C:\WINDOWS\System32\KERNEL32.DLL+0x2e957)
  #88 0x00007ff8f842ad6c (C:\WINDOWS\SYSTEM32\ntdll.dll+0xaad6c)
  clang++: error: clang frontend command failed due to signal (use -v to see invocation)
  Android (10552028, based on r487747d) clang version 17.0.2 (https://android.googlesource.com/toolchain/llvm-project d9f89f4d16663d5012e5c09495f3b30ece3d2362)
  Target: aarch64-none-linux-android23
  Thread model: posix
  InstalledDir: C:/Users/maher/AppData/Local/Android/Sdk/ndk/26.1.10909125/toolchains/llvm/prebuilt/windows-x86_64/bin
  clang++: note: diagnostic msg: 
  ********************
  
  PLEASE ATTACH THE FOLLOWING FILES TO THE BUG REPORT:
  Preprocessed source(s) and associated run script(s) are located at:
  clang++: note: diagnostic msg: C:/Users/maher/AppData/Local/Temp/WeakRuntimeHolder-2b8fbd.cpp
  clang++: note: diagnostic msg: C:/Users/maher/AppData/Local/Temp/WeakRuntimeHolder-2b8fbd.sh
  clang++: note: diagnostic msg: 
  
  ********************
  [7/16] Building CXX object CMakeFiles/expo-modules-core.dir/src/main/cpp/types/JNIToJSIConverter.cpp.o
  FAILED: CMakeFiles/expo-modules-core.dir/src/main/cpp/types/JNIToJSIConverter.cpp.o 
  C:\Users\maher\AppData\Local\Android\Sdk\ndk\26.1.10909125\toolchains\llvm\prebuilt\windows-x86_64\bin\clang++.exe --target=aarch64-none-linux-android23 --sysroot=C:/Users/maher/AppData/Local/Android/Sdk/ndk/26.1.10909125/toolchains/llvm/prebuilt/windows-x86_64/sysroot -Dexpo_modules_core_EXPORTS -IC:/Users/maher/.gradle/caches/8.8/transforms/f7e7d8e15b8dd6d3df49e4b533bc2e58/transformed/jetified-react-android-0.74.5-debug/prefab/modules/reactnativejni/include/react -IE:/Projet/TechWebM/App/LeafSense/Frontend/node_modules/react-native/ReactAndroid/src/main/jni/react/turbomodule -IE:/Projet/TechWebM/App/LeafSense/Frontend/node_modules/expo-modules-core/android/../common/cpp -IE:/Projet/TechWebM/App/LeafSense/Frontend/node_modules/expo-modules-core/android/src/fabric -isystem C:/Users/maher/.gradle/caches/8.8/transforms/7ae4e699c1ae69bd207be2e4a6a586df/transformed/jetified-fbjni-0.6.0/prefab/modules/fbjni/include -isystem C:/Users/maher/.gradle/caches/8.8/transforms/f7e7d8e15b8dd6d3df49e4b533bc2e58/transformed/jetified-react-android-0.74.5-debug/prefab/modules/jsi/include -isystem C:/Users/maher/.gradle/caches/8.8/transforms/f7e7d8e15b8dd6d3df49e4b533bc2e58/transformed/jetified-react-android-0.74.5-debug/prefab/modules/reactnativejni/include -isystem C:/Users/maher/.gradle/caches/8.8/transforms/f7e7d8e15b8dd6d3df49e4b533bc2e58/transformed/jetified-react-android-0.74.5-debug/prefab/modules/folly_runtime/include -isystem C:/Users/maher/.gradle/caches/8.8/transforms/f7e7d8e15b8dd6d3df49e4b533bc2e58/transformed/jetified-react-android-0.74.5-debug/prefab/modules/react_nativemodule_core/include -g -DANDROID -fdata-sections -ffunction-sections -funwind-tables -fstack-protector-strong -no-canonical-prefixes -D_FORTIFY_SOURCE=2 -Wformat -Werror=format-security   -DREACT_NATIVE_TARGET_VERSION=74 -fno-limit-debug-info  -fPIC -DFOLLY_NO_CONFIG=1 -DFOLLY_HAVE_CLOCK_GETTIME=1 -DFOLLY_USE_LIBCPP=1 -DFOLLY_CFG_NO_COROUTINES=1 -DFOLLY_MOBILE=1 -DFOLLY_HAVE_RECVMMSG=1 -DFOLLY_HAVE_PTHREAD=1 -DFOLLY_HAVE_XSI_STRERROR_R=1 -O2 -frtti -fexceptions -Wall -fstack-protector-all -DUSE_HERMES=0 -DUNIT_TEST=0 -std=gnu++20 -MD -MT CMakeFiles/expo-modules-core.dir/src/main/cpp/types/JNIToJSIConverter.cpp.o -MF CMakeFiles\expo-modules-core.dir\src\main\cpp\types\JNIToJSIConverter.cpp.o.d -o CMakeFiles/expo-modules-core.dir/src/main/cpp/types/JNIToJSIConverter.cpp.o -c E:/Projet/TechWebM/App/LeafSense/Frontend/node_modules/expo-modules-core/android/src/main/cpp/types/JNIToJSIConverter.cpp
  LLVM ERROR: out of memory
  Allocation failed
  PLEASE submit a bug report to https://github.com/android-ndk/ndk/issues and include the crash backtrace, preprocessed source, and associated run script.
  Stack dump:
  0.	Program arguments: C:\\Users\\maher\\AppData\\Local\\Android\\Sdk\\ndk\\26.1.10909125\\toolchains\\llvm\\prebuilt\\windows-x86_64\\bin\\clang++.exe --target=aarch64-none-linux-android23 --sysroot=C:/Users/maher/AppData/Local/Android/Sdk/ndk/26.1.10909125/toolchains/llvm/prebuilt/windows-x86_64/sysroot -Dexpo_modules_core_EXPORTS -IC:/Users/maher/.gradle/caches/8.8/transforms/f7e7d8e15b8dd6d3df49e4b533bc2e58/transformed/jetified-react-android-0.74.5-debug/prefab/modules/reactnativejni/include/react -IE:/Projet/TechWebM/App/LeafSense/Frontend/node_modules/react-native/ReactAndroid/src/main/jni/react/turbomodule -IE:/Projet/TechWebM/App/LeafSense/Frontend/node_modules/expo-modules-core/android/../common/cpp -IE:/Projet/TechWebM/App/LeafSense/Frontend/node_modules/expo-modules-core/android/src/fabric -isystem C:/Users/maher/.gradle/caches/8.8/transforms/7ae4e699c1ae69bd207be2e4a6a586df/transformed/jetified-fbjni-0.6.0/prefab/modules/fbjni/include -isystem C:/Users/maher/.gradle/caches/8.8/transforms/f7e7d8e15b8dd6d3df49e4b533bc2e58/transformed/jetified-react-android-0.74.5-debug/prefab/modules/jsi/include -isystem C:/Users/maher/.gradle/caches/8.8/transforms/f7e7d8e15b8dd6d3df49e4b533bc2e58/transformed/jetified-react-android-0.74.5-debug/prefab/modules/reactnativejni/include -isystem C:/Users/maher/.gradle/caches/8.8/transforms/f7e7d8e15b8dd6d3df49e4b533bc2e58/transformed/jetified-react-android-0.74.5-debug/prefab/modules/folly_runtime/include -isystem C:/Users/maher/.gradle/caches/8.8/transforms/f7e7d8e15b8dd6d3df49e4b533bc2e58/transformed/jetified-react-android-0.74.5-debug/prefab/modules/react_nativemodule_core/include -g -DANDROID -fdata-sections -ffunction-sections -funwind-tables -fstack-protector-strong -no-canonical-prefixes -D_FORTIFY_SOURCE=2 -Wformat -Werror=format-security -DREACT_NATIVE_TARGET_VERSION=74 -fno-limit-debug-info -fPIC -DFOLLY_NO_CONFIG=1 -DFOLLY_HAVE_CLOCK_GETTIME=1 -DFOLLY_USE_LIBCPP=1 -DFOLLY_CFG_NO_COROUTINES=1 -DFOLLY_MOBILE=1 -DFOLLY_HAVE_RECVMMSG=1 -DFOLLY_HAVE_PTHREAD=1 -DFOLLY_HAVE_XSI_STRERROR_R=1 -O2 -frtti -fexceptions -Wall -fstack-protector-all -DUSE_HERMES=0 -DUNIT_TEST=0 -std=gnu++20 -MD -MT CMakeFiles/expo-modules-core.dir/src/main/cpp/types/JNIToJSIConverter.cpp.o -MF CMakeFiles\\expo-modules-core.dir\\src\\main\\cpp\\types\\JNIToJSIConverter.cpp.o.d -o CMakeFiles/expo-modules-core.dir/src/main/cpp/types/JNIToJSIConverter.cpp.o -c E:/Projet/TechWebM/App/LeafSense/Frontend/node_modules/expo-modules-core/android/src/main/cpp/types/JNIToJSIConverter.cpp
  1.	C:/Users/maher/.gradle/caches/8.8/transforms/f7e7d8e15b8dd6d3df49e4b533bc2e58/transformed/jetified-react-android-0.74.5-debug/prefab/modules/folly_runtime/include/folly/container/Access.h:97:1 <Spelling=C:/Users/maher/.gradle/caches/8.8/transforms/f7e7d8e15b8dd6d3df49e4b533bc2e58/transformed/jetified-react-android-0.74.5-debug/prefab/modules/folly_runtime/include/folly/functional/Invoke.h:405:3>: current parser token 'BOOST_PP_EXPR_IIF'
  2.	C:/Users/maher/.gradle/caches/8.8/transforms/f7e7d8e15b8dd6d3df49e4b533bc2e58/transformed/jetified-react-android-0.74.5-debug/prefab/modules/folly_runtime/include/folly/container/Access.h:25:1: parsing namespace 'folly'
  3.	C:/Users/maher/.gradle/caches/8.8/transforms/f7e7d8e15b8dd6d3df49e4b533bc2e58/transformed/jetified-react-android-0.74.5-debug/prefab/modules/folly_runtime/include/folly/container/Access.h:27:1: parsing namespace 'folly::access'
  4.	C:/Users/maher/.gradle/caches/8.8/transforms/f7e7d8e15b8dd6d3df49e4b533bc2e58/transformed/jetified-react-android-0.74.5-debug/prefab/modules/folly_runtime/include/folly/container/Access.h:97:1 <Spelling=C:/Users/maher/.gradle/caches/8.8/transforms/f7e7d8e15b8dd6d3df49e4b533bc2e58/transformed/jetified-react-android-0.74.5-debug/prefab/modules/folly_runtime/include/folly/functional/Invoke.h:474:3>: parsing namespace 'folly::access::end_fn__folly_detail_invoke_ns'
  Exception Code: 0xC000001D
   #0 0x00007ff6bbde6096 (C:\Users\maher\AppData\Local\Android\Sdk\ndk\26.1.10909125\toolchains\llvm\prebuilt\windows-x86_64\bin\clang++.exe+0x586096)
   #1 0x00007ff8f5b42139 (C:\WINDOWS\System32\ucrtbase.dll+0xc2139)
   #2 0x00007ff8f5b25261 (C:\WINDOWS\System32\ucrtbase.dll+0xa5261)
   #3 0x00007ff6bbdaef15 (C:\Users\maher\AppData\Local\Android\Sdk\ndk\26.1.10909125\toolchains\llvm\prebuilt\windows-x86_64\bin\clang++.exe+0x54ef15)
   #4 0x00007ff6bbdb3793 (C:\Users\maher\AppData\Local\Android\Sdk\ndk\26.1.10909125\toolchains\llvm\prebuilt\windows-x86_64\bin\clang++.exe+0x553793)
   #5 0x00007ff6bcbd7af6 (C:\Users\maher\AppData\Local\Android\Sdk\ndk\26.1.10909125\toolchains\llvm\prebuilt\windows-x86_64\bin\clang++.exe+0x1377af6)
   #6 0x00007ff6be7ba07b (C:\Users\maher\AppData\Local\Android\Sdk\ndk\26.1.10909125\toolchains\llvm\prebuilt\windows-x86_64\bin\clang++.exe+0x2f5a07b)
   #7 0x00007ff6be7b8bad (C:\Users\maher\AppData\Local\Android\Sdk\ndk\26.1.10909125\toolchains\llvm\prebuilt\windows-x86_64\bin\clang++.exe+0x2f58bad)
   #8 0x00007ff6be7b7bac (C:\Users\maher\AppData\Local\Android\Sdk\ndk\26.1.10909125\toolchains\llvm\prebuilt\windows-x86_64\bin\clang++.exe+0x2f57bac)
   #9 0x00007ff6be7bc031 (C:\Users\maher\AppData\Local\Android\Sdk\ndk\26.1.10909125\toolchains\llvm\prebuilt\windows-x86_64\bin\clang++.exe+0x2f5c031)
  #10 0x00007ff6bcfea1a2 (C:\Users\maher\AppData\Local\Android\Sdk\ndk\26.1.10909125\toolchains\llvm\prebuilt\windows-x86_64\bin\clang++.exe+0x178a1a2)
  #11 0x00007ff6bcee6d35 (C:\Users\maher\AppData\Local\Android\Sdk\ndk\26.1.10909125\toolchains\llvm\prebuilt\windows-x86_64\bin\clang++.exe+0x1686d35)
  #12 0x00007ff6be7ba394 (C:\Users\maher\AppData\Local\Android\Sdk\ndk\26.1.10909125\toolchains\llvm\prebuilt\windows-x86_64\bin\clang++.exe+0x2f5a394)
  #13 0x00007ff6bcee7169 (C:\Users\maher\AppData\Local\Android\Sdk\ndk\26.1.10909125\toolchains\llvm\prebuilt\windows-x86_64\bin\clang++.exe+0x1687169)
  #14 0x00007ff6be7ba94f (C:\Users\maher\AppData\Local\Android\Sdk\ndk\26.1.10909125\toolchains\llvm\prebuilt\windows-x86_64\bin\clang++.exe+0x2f5a94f)
  #15 0x00007ff6be7b874b (C:\Users\maher\AppData\Local\Android\Sdk\ndk\26.1.10909125\toolchains\llvm\prebuilt\windows-x86_64\bin\clang++.exe+0x2f5874b)
  #16 0x00007ff6be7b7bac (C:\Users\maher\AppData\Local\Android\Sdk\ndk\26.1.10909125\toolchains\llvm\prebuilt\windows-x86_64\bin\clang++.exe+0x2f57bac)
  #17 0x00007ff6be7bc031 (C:\Users\maher\AppData\Local\Android\Sdk\ndk\26.1.10909125\toolchains\llvm\prebuilt\windows-x86_64\bin\clang++.exe+0x2f5c031)
  #18 0x00007ff6bcfea1a2 (C:\Users\maher\AppData\Local\Android\Sdk\ndk\26.1.10909125\toolchains\llvm\prebuilt\windows-x86_64\bin\clang++.exe+0x178a1a2)
  #19 0x00007ff6bcee6d35 (C:\Users\maher\AppData\Local\Android\Sdk\ndk\26.1.10909125\toolchains\llvm\prebuilt\windows-x86_64\bin\clang++.exe+0x1686d35)
  #20 0x00007ff6be7ba394 (C:\Users\maher\AppData\Local\Android\Sdk\ndk\26.1.10909125\toolchains\llvm\prebuilt\windows-x86_64\bin\clang++.exe+0x2f5a394)
  #21 0x00007ff6bcee7169 (C:\Users\maher\AppData\Local\Android\Sdk\ndk\26.1.10909125\toolchains\llvm\prebuilt\windows-x86_64\bin\clang++.exe+0x1687169)
  #22 0x00007ff6be7ba94f (C:\Users\maher\AppData\Local\Android\Sdk\ndk\26.1.10909125\toolchains\llvm\prebuilt\windows-x86_64\bin\clang++.exe+0x2f5a94f)
  #23 0x00007ff6be7b874b (C:\Users\maher\AppData\Local\Android\Sdk\ndk\26.1.10909125\toolchains\llvm\prebuilt\windows-x86_64\bin\clang++.exe+0x2f5874b)
  #24 0x00007ff6be7b7bac (C:\Users\maher\AppData\Local\Android\Sdk\ndk\26.1.10909125\toolchains\llvm\prebuilt\windows-x86_64\bin\clang++.exe+0x2f57bac)
  #25 0x00007ff6be7bc031 (C:\Users\maher\AppData\Local\Android\Sdk\ndk\26.1.10909125\toolchains\llvm\prebuilt\windows-x86_64\bin\clang++.exe+0x2f5c031)
  #26 0x00007ff6bcfea1a2 (C:\Users\maher\AppData\Local\Android\Sdk\ndk\26.1.10909125\toolchains\llvm\prebuilt\windows-x86_64\bin\clang++.exe+0x178a1a2)
  #27 0x00007ff6bcee6d35 (C:\Users\maher\AppData\Local\Android\Sdk\ndk\26.1.10909125\toolchains\llvm\prebuilt\windows-x86_64\bin\clang++.exe+0x1686d35)
  #28 0x00007ff6be7ba394 (C:\Users\maher\AppData\Local\Android\Sdk\ndk\26.1.10909125\toolchains\llvm\prebuilt\windows-x86_64\bin\clang++.exe+0x2f5a394)
  #29 0x00007ff6bcee7169 (C:\Users\maher\AppData\Local\Android\Sdk\ndk\26.1.10909125\toolchains\llvm\prebuilt\windows-x86_64\bin\clang++.exe+0x1687169)
  #30 0x00007ff6be7ba94f (C:\Users\maher\AppData\Local\Android\Sdk\ndk\26.1.10909125\toolchains\llvm\prebuilt\windows-x86_64\bin\clang++.exe+0x2f5a94f)
  #31 0x00007ff6be7b874b (C:\Users\maher\AppData\Local\Android\Sdk\ndk\26.1.10909125\toolchains\llvm\prebuilt\windows-x86_64\bin\clang++.exe+0x2f5874b)
  #32 0x00007ff6be7b7bac (C:\Users\maher\AppData\Local\Android\Sdk\ndk\26.1.10909125\toolchains\llvm\prebuilt\windows-x86_64\bin\clang++.exe+0x2f57bac)
  #33 0x00007ff6be7bc031 (C:\Users\maher\AppData\Local\Android\Sdk\ndk\26.1.10909125\toolchains\llvm\prebuilt\windows-x86_64\bin\clang++.exe+0x2f5c031)
  #34 0x00007ff6bcfea1a2 (C:\Users\maher\AppData\Local\Android\Sdk\ndk\26.1.10909125\toolchains\llvm\prebuilt\windows-x86_64\bin\clang++.exe+0x178a1a2)
  #35 0x00007ff6bcee6d35 (C:\Users\maher\AppData\Local\Android\Sdk\ndk\26.1.10909125\toolchains\llvm\prebuilt\windows-x86_64\bin\clang++.exe+0x1686d35)
  #36 0x00007ff6be7ba394 (C:\Users\maher\AppData\Local\Android\Sdk\ndk\26.1.10909125\toolchains\llvm\prebuilt\windows-x86_64\bin\clang++.exe+0x2f5a394)
  #37 0x00007ff6bcee7169 (C:\Users\maher\AppData\Local\Android\Sdk\ndk\26.1.10909125\toolchains\llvm\prebuilt\windows-x86_64\bin\clang++.exe+0x1687169)
  #38 0x00007ff6be7ba94f (C:\Users\maher\AppData\Local\Android\Sdk\ndk\26.1.10909125\toolchains\llvm\prebuilt\windows-x86_64\bin\clang++.exe+0x2f5a94f)
  #39 0x00007ff6be7b874b (C:\Users\maher\AppData\Local\Android\Sdk\ndk\26.1.10909125\toolchains\llvm\prebuilt\windows-x86_64\bin\clang++.exe+0x2f5874b)
  #40 0x00007ff6be7b7bac (C:\Users\maher\AppData\Local\Android\Sdk\ndk\26.1.10909125\toolchains\llvm\prebuilt\windows-x86_64\bin\clang++.exe+0x2f57bac)
  #41 0x00007ff6be7bc031 (C:\Users\maher\AppData\Local\Android\Sdk\ndk\26.1.10909125\toolchains\llvm\prebuilt\windows-x86_64\bin\clang++.exe+0x2f5c031)
  #42 0x00007ff6bcfea1a2 (C:\Users\maher\AppData\Local\Android\Sdk\ndk\26.1.10909125\toolchains\llvm\prebuilt\windows-x86_64\bin\clang++.exe+0x178a1a2)
  #43 0x00007ff6bcee6d35 (C:\Users\maher\AppData\Local\Android\Sdk\ndk\26.1.10909125\toolchains\llvm\prebuilt\windows-x86_64\bin\clang++.exe+0x1686d35)
  #44 0x00007ff6be7ba394 (C:\Users\maher\AppData\Local\Android\Sdk\ndk\26.1.10909125\toolchains\llvm\prebuilt\windows-x86_64\bin\clang++.exe+0x2f5a394)
  #45 0x00007ff6bcee7169 (C:\Users\maher\AppData\Local\Android\Sdk\ndk\26.1.10909125\toolchains\llvm\prebuilt\windows-x86_64\bin\clang++.exe+0x1687169)
  #46 0x00007ff6be7ba94f (C:\Users\maher\AppData\Local\Android\Sdk\ndk\26.1.10909125\toolchains\llvm\prebuilt\windows-x86_64\bin\clang++.exe+0x2f5a94f)
  #47 0x00007ff6be7b874b (C:\Users\maher\AppData\Local\Android\Sdk\ndk\26.1.10909125\toolchains\llvm\prebuilt\windows-x86_64\bin\clang++.exe+0x2f5874b)
  #48 0x00007ff6be7b7bac (C:\Users\maher\AppData\Local\Android\Sdk\ndk\26.1.10909125\toolchains\llvm\prebuilt\windows-x86_64\bin\clang++.exe+0x2f57bac)
  #49 0x00007ff6be7bc031 (C:\Users\maher\AppData\Local\Android\Sdk\ndk\26.1.10909125\toolchains\llvm\prebuilt\windows-x86_64\bin\clang++.exe+0x2f5c031)
  #50 0x00007ff6bcfea1a2 (C:\Users\maher\AppData\Local\Android\Sdk\ndk\26.1.10909125\toolchains\llvm\prebuilt\windows-x86_64\bin\clang++.exe+0x178a1a2)
  #51 0x00007ff6bcee6d35 (C:\Users\maher\AppData\Local\Android\Sdk\ndk\26.1.10909125\toolchains\llvm\prebuilt\windows-x86_64\bin\clang++.exe+0x1686d35)
  #52 0x00007ff6be7ba394 (C:\Users\maher\AppData\Local\Android\Sdk\ndk\26.1.10909125\toolchains\llvm\prebuilt\windows-x86_64\bin\clang++.exe+0x2f5a394)
  #53 0x00007ff6bcee7169 (C:\Users\maher\AppData\Local\Android\Sdk\ndk\26.1.10909125\toolchains\llvm\prebuilt\windows-x86_64\bin\clang++.exe+0x1687169)
  #54 0x00007ff6bf731f2f (C:\Users\maher\AppData\Local\Android\Sdk\ndk\26.1.10909125\toolchains\llvm\prebuilt\windows-x86_64\bin\clang++.exe+0x3ed1f2f)
  #55 0x00007ff6bfe925b1 (C:\Users\maher\AppData\Local\Android\Sdk\ndk\26.1.10909125\toolchains\llvm\prebuilt\windows-x86_64\bin\clang++.exe+0x46325b1)
  #56 0x00007ff6bf738756 (C:\Users\maher\AppData\Local\Android\Sdk\ndk\26.1.10909125\toolchains\llvm\prebuilt\windows-x86_64\bin\clang++.exe+0x3ed8756)
  #57 0x00007ff6bf7381a9 (C:\Users\maher\AppData\Local\Android\Sdk\ndk\26.1.10909125\toolchains\llvm\prebuilt\windows-x86_64\bin\clang++.exe+0x3ed81a9)
  #58 0x00007ff6bf736ec3 (C:\Users\maher\AppData\Local\Android\Sdk\ndk\26.1.10909125\toolchains\llvm\prebuilt\windows-x86_64\bin\clang++.exe+0x3ed6ec3)
  #59 0x00007ff6bfe69d1e (C:\Users\maher\AppData\Local\Android\Sdk\ndk\26.1.10909125\toolchains\llvm\prebuilt\windows-x86_64\bin\clang++.exe+0x4609d1e)
  #60 0x00007ff6bfe69388 (C:\Users\maher\AppData\Local\Android\Sdk\ndk\26.1.10909125\toolchains\llvm\prebuilt\windows-x86_64\bin\clang++.exe+0x4609388)
  #61 0x00007ff6bfe90d24 (C:\Users\maher\AppData\Local\Android\Sdk\ndk\26.1.10909125\toolchains\llvm\prebuilt\windows-x86_64\bin\clang++.exe+0x4630d24)
  #62 0x00007ff6bf73680c (C:\Users\maher\AppData\Local\Android\Sdk\ndk\26.1.10909125\toolchains\llvm\prebuilt\windows-x86_64\bin\clang++.exe+0x3ed680c)
  #63 0x00007ff6bfe69d1e (C:\Users\maher\AppData\Local\Android\Sdk\ndk\26.1.10909125\toolchains\llvm\prebuilt\windows-x86_64\bin\clang++.exe+0x4609d1e)
  #64 0x00007ff6bfe69388 (C:\Users\maher\AppData\Local\Android\Sdk\ndk\26.1.10909125\toolchains\llvm\prebuilt\windows-x86_64\bin\clang++.exe+0x4609388)
  #65 0x00007ff6bfe90d24 (C:\Users\maher\AppData\Local\Android\Sdk\ndk\26.1.10909125\toolchains\llvm\prebuilt\windows-x86_64\bin\clang++.exe+0x4630d24)
  #66 0x00007ff6bf73680c (C:\Users\maher\AppData\Local\Android\Sdk\ndk\26.1.10909125\toolchains\llvm\prebuilt\windows-x86_64\bin\clang++.exe+0x3ed680c)
  #67 0x00007ff6bfe69d1e (C:\Users\maher\AppData\Local\Android\Sdk\ndk\26.1.10909125\toolchains\llvm\prebuilt\windows-x86_64\bin\clang++.exe+0x4609d1e)
  #68 0x00007ff6bfe69388 (C:\Users\maher\AppData\Local\Android\Sdk\ndk\26.1.10909125\toolchains\llvm\prebuilt\windows-x86_64\bin\clang++.exe+0x4609388)
  #69 0x00007ff6bfe90d24 (C:\Users\maher\AppData\Local\Android\Sdk\ndk\26.1.10909125\toolchains\llvm\prebuilt\windows-x86_64\bin\clang++.exe+0x4630d24)
  #70 0x00007ff6bf73680c (C:\Users\maher\AppData\Local\Android\Sdk\ndk\26.1.10909125\toolchains\llvm\prebuilt\windows-x86_64\bin\clang++.exe+0x3ed680c)
  #71 0x00007ff6bf734db4 (C:\Users\maher\AppData\Local\Android\Sdk\ndk\26.1.10909125\toolchains\llvm\prebuilt\windows-x86_64\bin\clang++.exe+0x3ed4db4)
  #72 0x00007ff6be89cd9e (C:\Users\maher\AppData\Local\Android\Sdk\ndk\26.1.10909125\toolchains\llvm\prebuilt\windows-x86_64\bin\clang++.exe+0x303cd9e)
  #73 0x00007ff6bcfc5264 (C:\Users\maher\AppData\Local\Android\Sdk\ndk\26.1.10909125\toolchains\llvm\prebuilt\windows-x86_64\bin\clang++.exe+0x1765264)
  #74 0x00007ff6bbf5a7a4 (C:\Users\maher\AppData\Local\Android\Sdk\ndk\26.1.10909125\toolchains\llvm\prebuilt\windows-x86_64\bin\clang++.exe+0x6fa7a4)
  #75 0x00007ff6bbfdfccf (C:\Users\maher\AppData\Local\Android\Sdk\ndk\26.1.10909125\toolchains\llvm\prebuilt\windows-x86_64\bin\clang++.exe+0x77fccf)
  #76 0x00007ff6bb868941 (C:\Users\maher\AppData\Local\Android\Sdk\ndk\26.1.10909125\toolchains\llvm\prebuilt\windows-x86_64\bin\clang++.exe+0x8941)
  #77 0x00007ff6bb865432 (C:\Users\maher\AppData\Local\Android\Sdk\ndk\26.1.10909125\toolchains\llvm\prebuilt\windows-x86_64\bin\clang++.exe+0x5432)
  #78 0x00007ff6bcd8add6 (C:\Users\maher\AppData\Local\Android\Sdk\ndk\26.1.10909125\toolchains\llvm\prebuilt\windows-x86_64\bin\clang++.exe+0x152add6)
  #79 0x00007ff6bbdad31d (C:\Users\maher\AppData\Local\Android\Sdk\ndk\26.1.10909125\toolchains\llvm\prebuilt\windows-x86_64\bin\clang++.exe+0x54d31d)
  #80 0x00007ff6bcd8a711 (C:\Users\maher\AppData\Local\Android\Sdk\ndk\26.1.10909125\toolchains\llvm\prebuilt\windows-x86_64\bin\clang++.exe+0x152a711)
  #81 0x00007ff6bbf183b6 (C:\Users\maher\AppData\Local\Android\Sdk\ndk\26.1.10909125\toolchains\llvm\prebuilt\windows-x86_64\bin\clang++.exe+0x6b83b6)
  #82 0x00007ff6bbf1862e (C:\Users\maher\AppData\Local\Android\Sdk\ndk\26.1.10909125\toolchains\llvm\prebuilt\windows-x86_64\bin\clang++.exe+0x6b862e)
  #83 0x00007ff6bbf32c9b (C:\Users\maher\AppData\Local\Android\Sdk\ndk\26.1.10909125\toolchains\llvm\prebuilt\windows-x86_64\bin\clang++.exe+0x6d2c9b)
  #84 0x00007ff6bb8646be (C:\Users\maher\AppData\Local\Android\Sdk\ndk\26.1.10909125\toolchains\llvm\prebuilt\windows-x86_64\bin\clang++.exe+0x46be)
  #85 0x00007ff6bb861395 (C:\Users\maher\AppData\Local\Android\Sdk\ndk\26.1.10909125\toolchains\llvm\prebuilt\windows-x86_64\bin\clang++.exe+0x1395)
  #86 0x00007ff6bb8614c8 (C:\Users\maher\AppData\Local\Android\Sdk\ndk\26.1.10909125\toolchains\llvm\prebuilt\windows-x86_64\bin\clang++.exe+0x14c8)
  #87 0x00007ff8f618e957 (C:\WINDOWS\System32\KERNEL32.DLL+0x2e957)
  #88 0x00007ff8f842ad6c (C:\WINDOWS\SYSTEM32\ntdll.dll+0xaad6c)
  clang++: error: clang frontend command failed due to signal (use -v to see invocation)
  Android (10552028, based on r487747d) clang version 17.0.2 (https://android.googlesource.com/toolchain/llvm-project d9f89f4d16663d5012e5c09495f3b30ece3d2362)
  Target: aarch64-none-linux-android23
  Thread model: posix
  InstalledDir: C:/Users/maher/AppData/Local/Android/Sdk/ndk/26.1.10909125/toolchains/llvm/prebuilt/windows-x86_64/bin
  clang++: note: diagnostic msg: 
  ********************
  
  PLEASE ATTACH THE FOLLOWING FILES TO THE BUG REPORT:
  Preprocessed source(s) and associated run script(s) are located at:
  clang++: note: diagnostic msg: C:/Users/maher/AppData/Local/Temp/JNIToJSIConverter-10978e.cpp
  clang++: note: diagnostic msg: C:/Users/maher/AppData/Local/Temp/JNIToJSIConverter-10978e.sh
  clang++: note: diagnostic msg: 
  
  ********************
  [8/16] Building CXX object CMakeFiles/expo-modules-core.dir/src/main/cpp/JNIInjector.cpp.o
  FAILED: CMakeFiles/expo-modules-core.dir/src/main/cpp/JNIInjector.cpp.o 
  C:\Users\maher\AppData\Local\Android\Sdk\ndk\26.1.10909125\toolchains\llvm\prebuilt\windows-x86_64\bin\clang++.exe --target=aarch64-none-linux-android23 --sysroot=C:/Users/maher/AppData/Local/Android/Sdk/ndk/26.1.10909125/toolchains/llvm/prebuilt/windows-x86_64/sysroot -Dexpo_modules_core_EXPORTS -IC:/Users/maher/.gradle/caches/8.8/transforms/f7e7d8e15b8dd6d3df49e4b533bc2e58/transformed/jetified-react-android-0.74.5-debug/prefab/modules/reactnativejni/include/react -IE:/Projet/TechWebM/App/LeafSense/Frontend/node_modules/react-native/ReactAndroid/src/main/jni/react/turbomodule -IE:/Projet/TechWebM/App/LeafSense/Frontend/node_modules/expo-modules-core/android/../common/cpp -IE:/Projet/TechWebM/App/LeafSense/Frontend/node_modules/expo-modules-core/android/src/fabric -isystem C:/Users/maher/.gradle/caches/8.8/transforms/7ae4e699c1ae69bd207be2e4a6a586df/transformed/jetified-fbjni-0.6.0/prefab/modules/fbjni/include -isystem C:/Users/maher/.gradle/caches/8.8/transforms/f7e7d8e15b8dd6d3df49e4b533bc2e58/transformed/jetified-react-android-0.74.5-debug/prefab/modules/jsi/include -isystem C:/Users/maher/.gradle/caches/8.8/transforms/f7e7d8e15b8dd6d3df49e4b533bc2e58/transformed/jetified-react-android-0.74.5-debug/prefab/modules/reactnativejni/include -isystem C:/Users/maher/.gradle/caches/8.8/transforms/f7e7d8e15b8dd6d3df49e4b533bc2e58/transformed/jetified-react-android-0.74.5-debug/prefab/modules/folly_runtime/include -isystem C:/Users/maher/.gradle/caches/8.8/transforms/f7e7d8e15b8dd6d3df49e4b533bc2e58/transformed/jetified-react-android-0.74.5-debug/prefab/modules/react_nativemodule_core/include -g -DANDROID -fdata-sections -ffunction-sections -funwind-tables -fstack-protector-strong -no-canonical-prefixes -D_FORTIFY_SOURCE=2 -Wformat -Werror=format-security   -DREACT_NATIVE_TARGET_VERSION=74 -fno-limit-debug-info  -fPIC -DFOLLY_NO_CONFIG=1 -DFOLLY_HAVE_CLOCK_GETTIME=1 -DFOLLY_USE_LIBCPP=1 -DFOLLY_CFG_NO_COROUTINES=1 -DFOLLY_MOBILE=1 -DFOLLY_HAVE_RECVMMSG=1 -DFOLLY_HAVE_PTHREAD=1 -DFOLLY_HAVE_XSI_STRERROR_R=1 -O2 -frtti -fexceptions -Wall -fstack-protector-all -DUSE_HERMES=0 -DUNIT_TEST=0 -std=gnu++20 -MD -MT CMakeFiles/expo-modules-core.dir/src/main/cpp/JNIInjector.cpp.o -MF CMakeFiles\expo-modules-core.dir\src\main\cpp\JNIInjector.cpp.o.d -o CMakeFiles/expo-modules-core.dir/src/main/cpp/JNIInjector.cpp.o -c E:/Projet/TechWebM/App/LeafSense/Frontend/node_modules/expo-modules-core/android/src/main/cpp/JNIInjector.cpp
  LLVM ERROR: out of memory
  Allocation failed
  PLEASE submit a bug report to https://github.com/android-ndk/ndk/issues and include the crash backtrace, preprocessed source, and associated run script.
  Stack dump:
  0.	Program arguments: C:\\Users\\maher\\AppData\\Local\\Android\\Sdk\\ndk\\26.1.10909125\\toolchains\\llvm\\prebuilt\\windows-x86_64\\bin\\clang++.exe --target=aarch64-none-linux-android23 --sysroot=C:/Users/maher/AppData/Local/Android/Sdk/ndk/26.1.10909125/toolchains/llvm/prebuilt/windows-x86_64/sysroot -Dexpo_modules_core_EXPORTS -IC:/Users/maher/.gradle/caches/8.8/transforms/f7e7d8e15b8dd6d3df49e4b533bc2e58/transformed/jetified-react-android-0.74.5-debug/prefab/modules/reactnativejni/include/react -IE:/Projet/TechWebM/App/LeafSense/Frontend/node_modules/react-native/ReactAndroid/src/main/jni/react/turbomodule -IE:/Projet/TechWebM/App/LeafSense/Frontend/node_modules/expo-modules-core/android/../common/cpp -IE:/Projet/TechWebM/App/LeafSense/Frontend/node_modules/expo-modules-core/android/src/fabric -isystem C:/Users/maher/.gradle/caches/8.8/transforms/7ae4e699c1ae69bd207be2e4a6a586df/transformed/jetified-fbjni-0.6.0/prefab/modules/fbjni/include -isystem C:/Users/maher/.gradle/caches/8.8/transforms/f7e7d8e15b8dd6d3df49e4b533bc2e58/transformed/jetified-react-android-0.74.5-debug/prefab/modules/jsi/include -isystem C:/Users/maher/.gradle/caches/8.8/transforms/f7e7d8e15b8dd6d3df49e4b533bc2e58/transformed/jetified-react-android-0.74.5-debug/prefab/modules/reactnativejni/include -isystem C:/Users/maher/.gradle/caches/8.8/transforms/f7e7d8e15b8dd6d3df49e4b533bc2e58/transformed/jetified-react-android-0.74.5-debug/prefab/modules/folly_runtime/include -isystem C:/Users/maher/.gradle/caches/8.8/transforms/f7e7d8e15b8dd6d3df49e4b533bc2e58/transformed/jetified-react-android-0.74.5-debug/prefab/modules/react_nativemodule_core/include -g -DANDROID -fdata-sections -ffunction-sections -funwind-tables -fstack-protector-strong -no-canonical-prefixes -D_FORTIFY_SOURCE=2 -Wformat -Werror=format-security -DREACT_NATIVE_TARGET_VERSION=74 -fno-limit-debug-info -fPIC -DFOLLY_NO_CONFIG=1 -DFOLLY_HAVE_CLOCK_GETTIME=1 -DFOLLY_USE_LIBCPP=1 -DFOLLY_CFG_NO_COROUTINES=1 -DFOLLY_MOBILE=1 -DFOLLY_HAVE_RECVMMSG=1 -DFOLLY_HAVE_PTHREAD=1 -DFOLLY_HAVE_XSI_STRERROR_R=1 -O2 -frtti -fexceptions -Wall -fstack-protector-all -DUSE_HERMES=0 -DUNIT_TEST=0 -std=gnu++20 -MD -MT CMakeFiles/expo-modules-core.dir/src/main/cpp/JNIInjector.cpp.o -MF CMakeFiles\\expo-modules-core.dir\\src\\main\\cpp\\JNIInjector.cpp.o.d -o CMakeFiles/expo-modules-core.dir/src/main/cpp/JNIInjector.cpp.o -c E:/Projet/TechWebM/App/LeafSense/Frontend/node_modules/expo-modules-core/android/src/main/cpp/JNIInjector.cpp
  1.	C:/Users/maher/.gradle/caches/8.8/transforms/f7e7d8e15b8dd6d3df49e4b533bc2e58/transformed/jetified-react-android-0.74.5-debug/prefab/modules/folly_runtime/include/folly/container/Access.h:97:1 <Spelling=C:/Users/maher/.gradle/caches/8.8/transforms/f7e7d8e15b8dd6d3df49e4b533bc2e58/transformed/jetified-react-android-0.74.5-debug/prefab/modules/folly_runtime/include/folly/functional/Invoke.h:405:3>: current parser token 'BOOST_PP_EXPR_IIF'
  2.	C:/Users/maher/.gradle/caches/8.8/transforms/f7e7d8e15b8dd6d3df49e4b533bc2e58/transformed/jetified-react-android-0.74.5-debug/prefab/modules/folly_runtime/include/folly/container/Access.h:25:1: parsing namespace 'folly'
  3.	C:/Users/maher/.gradle/caches/8.8/transforms/f7e7d8e15b8dd6d3df49e4b533bc2e58/transformed/jetified-react-android-0.74.5-debug/prefab/modules/folly_runtime/include/folly/container/Access.h:27:1: parsing namespace 'folly::access'
  4.	C:/Users/maher/.gradle/caches/8.8/transforms/f7e7d8e15b8dd6d3df49e4b533bc2e58/transformed/jetified-react-android-0.74.5-debug/prefab/modules/folly_runtime/include/folly/container/Access.h:97:1 <Spelling=C:/Users/maher/.gradle/caches/8.8/transforms/f7e7d8e15b8dd6d3df49e4b533bc2e58/transformed/jetified-react-android-0.74.5-debug/prefab/modules/folly_runtime/include/folly/functional/Invoke.h:474:3>: parsing namespace 'folly::access::end_fn__folly_detail_invoke_ns'
  Exception Code: 0xC000001D
   #0 0x00007ff6bbde6096 (C:\Users\maher\AppData\Local\Android\Sdk\ndk\26.1.10909125\toolchains\llvm\prebuilt\windows-x86_64\bin\clang++.exe+0x586096)
   #1 0x00007ff8f5b42139 (C:\WINDOWS\System32\ucrtbase.dll+0xc2139)
   #2 0x00007ff8f5b25261 (C:\WINDOWS\System32\ucrtbase.dll+0xa5261)
   #3 0x00007ff6bbdaef15 (C:\Users\maher\AppData\Local\Android\Sdk\ndk\26.1.10909125\toolchains\llvm\prebuilt\windows-x86_64\bin\clang++.exe+0x54ef15)
   #4 0x00007ff6bbdb3793 (C:\Users\maher\AppData\Local\Android\Sdk\ndk\26.1.10909125\toolchains\llvm\prebuilt\windows-x86_64\bin\clang++.exe+0x553793)
   #5 0x00007ff6bcbd7af6 (C:\Users\maher\AppData\Local\Android\Sdk\ndk\26.1.10909125\toolchains\llvm\prebuilt\windows-x86_64\bin\clang++.exe+0x1377af6)
   #6 0x00007ff6be7ba07b (C:\Users\maher\AppData\Local\Android\Sdk\ndk\26.1.10909125\toolchains\llvm\prebuilt\windows-x86_64\bin\clang++.exe+0x2f5a07b)
   #7 0x00007ff6be7b8bad (C:\Users\maher\AppData\Local\Android\Sdk\ndk\26.1.10909125\toolchains\llvm\prebuilt\windows-x86_64\bin\clang++.exe+0x2f58bad)
   #8 0x00007ff6be7b7bac (C:\Users\maher\AppData\Local\Android\Sdk\ndk\26.1.10909125\toolchains\llvm\prebuilt\windows-x86_64\bin\clang++.exe+0x2f57bac)
   #9 0x00007ff6be7bc031 (C:\Users\maher\AppData\Local\Android\Sdk\ndk\26.1.10909125\toolchains\llvm\prebuilt\windows-x86_64\bin\clang++.exe+0x2f5c031)
  #10 0x00007ff6bcfea1a2 (C:\Users\maher\AppData\Local\Android\Sdk\ndk\26.1.10909125\toolchains\llvm\prebuilt\windows-x86_64\bin\clang++.exe+0x178a1a2)
  #11 0x00007ff6bcee6d35 (C:\Users\maher\AppData\Local\Android\Sdk\ndk\26.1.10909125\toolchains\llvm\prebuilt\windows-x86_64\bin\clang++.exe+0x1686d35)
  #12 0x00007ff6be7ba394 (C:\Users\maher\AppData\Local\Android\Sdk\ndk\26.1.10909125\toolchains\llvm\prebuilt\windows-x86_64\bin\clang++.exe+0x2f5a394)
  #13 0x00007ff6bcee7169 (C:\Users\maher\AppData\Local\Android\Sdk\ndk\26.1.10909125\toolchains\llvm\prebuilt\windows-x86_64\bin\clang++.exe+0x1687169)
  #14 0x00007ff6be7ba94f (C:\Users\maher\AppData\Local\Android\Sdk\ndk\26.1.10909125\toolchains\llvm\prebuilt\windows-x86_64\bin\clang++.exe+0x2f5a94f)
  #15 0x00007ff6be7b874b (C:\Users\maher\AppData\Local\Android\Sdk\ndk\26.1.10909125\toolchains\llvm\prebuilt\windows-x86_64\bin\clang++.exe+0x2f5874b)
  #16 0x00007ff6be7b7bac (C:\Users\maher\AppData\Local\Android\Sdk\ndk\26.1.10909125\toolchains\llvm\prebuilt\windows-x86_64\bin\clang++.exe+0x2f57bac)
  #17 0x00007ff6be7bc031 (C:\Users\maher\AppData\Local\Android\Sdk\ndk\26.1.10909125\toolchains\llvm\prebuilt\windows-x86_64\bin\clang++.exe+0x2f5c031)
  #18 0x00007ff6bcfea1a2 (C:\Users\maher\AppData\Local\Android\Sdk\ndk\26.1.10909125\toolchains\llvm\prebuilt\windows-x86_64\bin\clang++.exe+0x178a1a2)
  #19 0x00007ff6bcee6d35 (C:\Users\maher\AppData\Local\Android\Sdk\ndk\26.1.10909125\toolchains\llvm\prebuilt\windows-x86_64\bin\clang++.exe+0x1686d35)
  #20 0x00007ff6be7ba394 (C:\Users\maher\AppData\Local\Android\Sdk\ndk\26.1.10909125\toolchains\llvm\prebuilt\windows-x86_64\bin\clang++.exe+0x2f5a394)
  #21 0x00007ff6bcee7169 (C:\Users\maher\AppData\Local\Android\Sdk\ndk\26.1.10909125\toolchains\llvm\prebuilt\windows-x86_64\bin\clang++.exe+0x1687169)
  #22 0x00007ff6be7ba94f (C:\Users\maher\AppData\Local\Android\Sdk\ndk\26.1.10909125\toolchains\llvm\prebuilt\windows-x86_64\bin\clang++.exe+0x2f5a94f)
  #23 0x00007ff6be7b874b (C:\Users\maher\AppData\Local\Android\Sdk\ndk\26.1.10909125\toolchains\llvm\prebuilt\windows-x86_64\bin\clang++.exe+0x2f5874b)
  #24 0x00007ff6be7b7bac (C:\Users\maher\AppData\Local\Android\Sdk\ndk\26.1.10909125\toolchains\llvm\prebuilt\windows-x86_64\bin\clang++.exe+0x2f57bac)
  #25 0x00007ff6be7bc031 (C:\Users\maher\AppData\Local\Android\Sdk\ndk\26.1.10909125\toolchains\llvm\prebuilt\windows-x86_64\bin\clang++.exe+0x2f5c031)
  #26 0x00007ff6bcfea1a2 (C:\Users\maher\AppData\Local\Android\Sdk\ndk\26.1.10909125\toolchains\llvm\prebuilt\windows-x86_64\bin\clang++.exe+0x178a1a2)
  #27 0x00007ff6bcee6d35 (C:\Users\maher\AppData\Local\Android\Sdk\ndk\26.1.10909125\toolchains\llvm\prebuilt\windows-x86_64\bin\clang++.exe+0x1686d35)
  #28 0x00007ff6be7ba394 (C:\Users\maher\AppData\Local\Android\Sdk\ndk\26.1.10909125\toolchains\llvm\prebuilt\windows-x86_64\bin\clang++.exe+0x2f5a394)
  #29 0x00007ff6bcee7169 (C:\Users\maher\AppData\Local\Android\Sdk\ndk\26.1.10909125\toolchains\llvm\prebuilt\windows-x86_64\bin\clang++.exe+0x1687169)
  #30 0x00007ff6be7ba94f (C:\Users\maher\AppData\Local\Android\Sdk\ndk\26.1.10909125\toolchains\llvm\prebuilt\windows-x86_64\bin\clang++.exe+0x2f5a94f)
  #31 0x00007ff6be7b874b (C:\Users\maher\AppData\Local\Android\Sdk\ndk\26.1.10909125\toolchains\llvm\prebuilt\windows-x86_64\bin\clang++.exe+0x2f5874b)
  #32 0x00007ff6be7b7bac (C:\Users\maher\AppData\Local\Android\Sdk\ndk\26.1.10909125\toolchains\llvm\prebuilt\windows-x86_64\bin\clang++.exe+0x2f57bac)
  #33 0x00007ff6be7bc031 (C:\Users\maher\AppData\Local\Android\Sdk\ndk\26.1.10909125\toolchains\llvm\prebuilt\windows-x86_64\bin\clang++.exe+0x2f5c031)
  #34 0x00007ff6bcfea1a2 (C:\Users\maher\AppData\Local\Android\Sdk\ndk\26.1.10909125\toolchains\llvm\prebuilt\windows-x86_64\bin\clang++.exe+0x178a1a2)
  #35 0x00007ff6bcee6d35 (C:\Users\maher\AppData\Local\Android\Sdk\ndk\26.1.10909125\toolchains\llvm\prebuilt\windows-x86_64\bin\clang++.exe+0x1686d35)
  #36 0x00007ff6be7ba394 (C:\Users\maher\AppData\Local\Android\Sdk\ndk\26.1.10909125\toolchains\llvm\prebuilt\windows-x86_64\bin\clang++.exe+0x2f5a394)
  #37 0x00007ff6bcee7169 (C:\Users\maher\AppData\Local\Android\Sdk\ndk\26.1.10909125\toolchains\llvm\prebuilt\windows-x86_64\bin\clang++.exe+0x1687169)
  #38 0x00007ff6be7ba94f (C:\Users\maher\AppData\Local\Android\Sdk\ndk\26.1.10909125\toolchains\llvm\prebuilt\windows-x86_64\bin\clang++.exe+0x2f5a94f)
  #39 0x00007ff6be7b874b (C:\Users\maher\AppData\Local\Android\Sdk\ndk\26.1.10909125\toolchains\llvm\prebuilt\windows-x86_64\bin\clang++.exe+0x2f5874b)
  #40 0x00007ff6be7b7bac (C:\Users\maher\AppData\Local\Android\Sdk\ndk\26.1.10909125\toolchains\llvm\prebuilt\windows-x86_64\bin\clang++.exe+0x2f57bac)
  #41 0x00007ff6be7bc031 (C:\Users\maher\AppData\Local\Android\Sdk\ndk\26.1.10909125\toolchains\llvm\prebuilt\windows-x86_64\bin\clang++.exe+0x2f5c031)
  #42 0x00007ff6bcfea1a2 (C:\Users\maher\AppData\Local\Android\Sdk\ndk\26.1.10909125\toolchains\llvm\prebuilt\windows-x86_64\bin\clang++.exe+0x178a1a2)
  #43 0x00007ff6bcee6d35 (C:\Users\maher\AppData\Local\Android\Sdk\ndk\26.1.10909125\toolchains\llvm\prebuilt\windows-x86_64\bin\clang++.exe+0x1686d35)
  #44 0x00007ff6be7ba394 (C:\Users\maher\AppData\Local\Android\Sdk\ndk\26.1.10909125\toolchains\llvm\prebuilt\windows-x86_64\bin\clang++.exe+0x2f5a394)
  #45 0x00007ff6bcee7169 (C:\Users\maher\AppData\Local\Android\Sdk\ndk\26.1.10909125\toolchains\llvm\prebuilt\windows-x86_64\bin\clang++.exe+0x1687169)
  #46 0x00007ff6be7ba94f (C:\Users\maher\AppData\Local\Android\Sdk\ndk\26.1.10909125\toolchains\llvm\prebuilt\windows-x86_64\bin\clang++.exe+0x2f5a94f)
  #47 0x00007ff6be7b874b (C:\Users\maher\AppData\Local\Android\Sdk\ndk\26.1.10909125\toolchains\llvm\prebuilt\windows-x86_64\bin\clang++.exe+0x2f5874b)
  #48 0x00007ff6be7b7bac (C:\Users\maher\AppData\Local\Android\Sdk\ndk\26.1.10909125\toolchains\llvm\prebuilt\windows-x86_64\bin\clang++.exe+0x2f57bac)
  #49 0x00007ff6be7bc031 (C:\Users\maher\AppData\Local\Android\Sdk\ndk\26.1.10909125\toolchains\llvm\prebuilt\windows-x86_64\bin\clang++.exe+0x2f5c031)
  #50 0x00007ff6bcfea1a2 (C:\Users\maher\AppData\Local\Android\Sdk\ndk\26.1.10909125\toolchains\llvm\prebuilt\windows-x86_64\bin\clang++.exe+0x178a1a2)
  #51 0x00007ff6bcee6d35 (C:\Users\maher\AppData\Local\Android\Sdk\ndk\26.1.10909125\toolchains\llvm\prebuilt\windows-x86_64\bin\clang++.exe+0x1686d35)
  #52 0x00007ff6be7ba394 (C:\Users\maher\AppData\Local\Android\Sdk\ndk\26.1.10909125\toolchains\llvm\prebuilt\windows-x86_64\bin\clang++.exe+0x2f5a394)
  #53 0x00007ff6bcee7169 (C:\Users\maher\AppData\Local\Android\Sdk\ndk\26.1.10909125\toolchains\llvm\prebuilt\windows-x86_64\bin\clang++.exe+0x1687169)
  #54 0x00007ff6bf731f2f (C:\Users\maher\AppData\Local\Android\Sdk\ndk\26.1.10909125\toolchains\llvm\prebuilt\windows-x86_64\bin\clang++.exe+0x3ed1f2f)
  #55 0x00007ff6bfe925b1 (C:\Users\maher\AppData\Local\Android\Sdk\ndk\26.1.10909125\toolchains\llvm\prebuilt\windows-x86_64\bin\clang++.exe+0x46325b1)
  #56 0x00007ff6bf738756 (C:\Users\maher\AppData\Local\Android\Sdk\ndk\26.1.10909125\toolchains\llvm\prebuilt\windows-x86_64\bin\clang++.exe+0x3ed8756)
  #57 0x00007ff6bf7381a9 (C:\Users\maher\AppData\Local\Android\Sdk\ndk\26.1.10909125\toolchains\llvm\prebuilt\windows-x86_64\bin\clang++.exe+0x3ed81a9)
  #58 0x00007ff6bf736ec3 (C:\Users\maher\AppData\Local\Android\Sdk\ndk\26.1.10909125\toolchains\llvm\prebuilt\windows-x86_64\bin\clang++.exe+0x3ed6ec3)
  #59 0x00007ff6bfe69d1e (C:\Users\maher\AppData\Local\Android\Sdk\ndk\26.1.10909125\toolchains\llvm\prebuilt\windows-x86_64\bin\clang++.exe+0x4609d1e)
  #60 0x00007ff6bfe69388 (C:\Users\maher\AppData\Local\Android\Sdk\ndk\26.1.10909125\toolchains\llvm\prebuilt\windows-x86_64\bin\clang++.exe+0x4609388)
  #61 0x00007ff6bfe90d24 (C:\Users\maher\AppData\Local\Android\Sdk\ndk\26.1.10909125\toolchains\llvm\prebuilt\windows-x86_64\bin\clang++.exe+0x4630d24)
  #62 0x00007ff6bf73680c (C:\Users\maher\AppData\Local\Android\Sdk\ndk\26.1.10909125\toolchains\llvm\prebuilt\windows-x86_64\bin\clang++.exe+0x3ed680c)
  #63 0x00007ff6bfe69d1e (C:\Users\maher\AppData\Local\Android\Sdk\ndk\26.1.10909125\toolchains\llvm\prebuilt\windows-x86_64\bin\clang++.exe+0x4609d1e)
  #64 0x00007ff6bfe69388 (C:\Users\maher\AppData\Local\Android\Sdk\ndk\26.1.10909125\toolchains\llvm\prebuilt\windows-x86_64\bin\clang++.exe+0x4609388)
  #65 0x00007ff6bfe90d24 (C:\Users\maher\AppData\Local\Android\Sdk\ndk\26.1.10909125\toolchains\llvm\prebuilt\windows-x86_64\bin\clang++.exe+0x4630d24)
  #66 0x00007ff6bf73680c (C:\Users\maher\AppData\Local\Android\Sdk\ndk\26.1.10909125\toolchains\llvm\prebuilt\windows-x86_64\bin\clang++.exe+0x3ed680c)
  #67 0x00007ff6bfe69d1e (C:\Users\maher\AppData\Local\Android\Sdk\ndk\26.1.10909125\toolchains\llvm\prebuilt\windows-x86_64\bin\clang++.exe+0x4609d1e)
  #68 0x00007ff6bfe69388 (C:\Users\maher\AppData\Local\Android\Sdk\ndk\26.1.10909125\toolchains\llvm\prebuilt\windows-x86_64\bin\clang++.exe+0x4609388)
  #69 0x00007ff6bfe90d24 (C:\Users\maher\AppData\Local\Android\Sdk\ndk\26.1.10909125\toolchains\llvm\prebuilt\windows-x86_64\bin\clang++.exe+0x4630d24)
  #70 0x00007ff6bf73680c (C:\Users\maher\AppData\Local\Android\Sdk\ndk\26.1.10909125\toolchains\llvm\prebuilt\windows-x86_64\bin\clang++.exe+0x3ed680c)
  #71 0x00007ff6bf734db4 (C:\Users\maher\AppData\Local\Android\Sdk\ndk\26.1.10909125\toolchains\llvm\prebuilt\windows-x86_64\bin\clang++.exe+0x3ed4db4)
  #72 0x00007ff6be89cd9e (C:\Users\maher\AppData\Local\Android\Sdk\ndk\26.1.10909125\toolchains\llvm\prebuilt\windows-x86_64\bin\clang++.exe+0x303cd9e)
  #73 0x00007ff6bcfc5264 (C:\Users\maher\AppData\Local\Android\Sdk\ndk\26.1.10909125\toolchains\llvm\prebuilt\windows-x86_64\bin\clang++.exe+0x1765264)
  #74 0x00007ff6bbf5a7a4 (C:\Users\maher\AppData\Local\Android\Sdk\ndk\26.1.10909125\toolchains\llvm\prebuilt\windows-x86_64\bin\clang++.exe+0x6fa7a4)
  #75 0x00007ff6bbfdfccf (C:\Users\maher\AppData\Local\Android\Sdk\ndk\26.1.10909125\toolchains\llvm\prebuilt\windows-x86_64\bin\clang++.exe+0x77fccf)
  #76 0x00007ff6bb868941 (C:\Users\maher\AppData\Local\Android\Sdk\ndk\26.1.10909125\toolchains\llvm\prebuilt\windows-x86_64\bin\clang++.exe+0x8941)
  #77 0x00007ff6bb865432 (C:\Users\maher\AppData\Local\Android\Sdk\ndk\26.1.10909125\toolchains\llvm\prebuilt\windows-x86_64\bin\clang++.exe+0x5432)
  #78 0x00007ff6bcd8add6 (C:\Users\maher\AppData\Local\Android\Sdk\ndk\26.1.10909125\toolchains\llvm\prebuilt\windows-x86_64\bin\clang++.exe+0x152add6)
  #79 0x00007ff6bbdad31d (C:\Users\maher\AppData\Local\Android\Sdk\ndk\26.1.10909125\toolchains\llvm\prebuilt\windows-x86_64\bin\clang++.exe+0x54d31d)
  #80 0x00007ff6bcd8a711 (C:\Users\maher\AppData\Local\Android\Sdk\ndk\26.1.10909125\toolchains\llvm\prebuilt\windows-x86_64\bin\clang++.exe+0x152a711)
  #81 0x00007ff6bbf183b6 (C:\Users\maher\AppData\Local\Android\Sdk\ndk\26.1.10909125\toolchains\llvm\prebuilt\windows-x86_64\bin\clang++.exe+0x6b83b6)
  #82 0x00007ff6bbf1862e (C:\Users\maher\AppData\Local\Android\Sdk\ndk\26.1.10909125\toolchains\llvm\prebuilt\windows-x86_64\bin\clang++.exe+0x6b862e)
  #83 0x00007ff6bbf32c9b (C:\Users\maher\AppData\Local\Android\Sdk\ndk\26.1.10909125\toolchains\llvm\prebuilt\windows-x86_64\bin\clang++.exe+0x6d2c9b)
  #84 0x00007ff6bb8646be (C:\Users\maher\AppData\Local\Android\Sdk\ndk\26.1.10909125\toolchains\llvm\prebuilt\windows-x86_64\bin\clang++.exe+0x46be)
  #85 0x00007ff6bb861395 (C:\Users\maher\AppData\Local\Android\Sdk\ndk\26.1.10909125\toolchains\llvm\prebuilt\windows-x86_64\bin\clang++.exe+0x1395)
  #86 0x00007ff6bb8614c8 (C:\Users\maher\AppData\Local\Android\Sdk\ndk\26.1.10909125\toolchains\llvm\prebuilt\windows-x86_64\bin\clang++.exe+0x14c8)
  #87 0x00007ff8f618e957 (C:\WINDOWS\System32\KERNEL32.DLL+0x2e957)
  #88 0x00007ff8f842ad6c (C:\WINDOWS\SYSTEM32\ntdll.dll+0xaad6c)
  clang++: error: clang frontend command failed due to signal (use -v to see invocation)
  Android (10552028, based on r487747d) clang version 17.0.2 (https://android.googlesource.com/toolchain/llvm-project d9f89f4d16663d5012e5c09495f3b30ece3d2362)
  Target: aarch64-none-linux-android23
  Thread model: posix
  InstalledDir: C:/Users/maher/AppData/Local/Android/Sdk/ndk/26.1.10909125/toolchains/llvm/prebuilt/windows-x86_64/bin
  clang++: note: diagnostic msg: 
  ********************
  
  PLEASE ATTACH THE FOLLOWING FILES TO THE BUG REPORT:
  Preprocessed source(s) and associated run script(s) are located at:
  clang++: note: diagnostic msg: C:/Users/maher/AppData/Local/Temp/JNIInjector-161e69.cpp
  clang++: note: diagnostic msg: C:/Users/maher/AppData/Local/Temp/JNIInjector-161e69.sh
  clang++: note: diagnostic msg: 
  
  ********************
  [9/16] Building CXX object CMakeFiles/expo-modules-core.dir/src/main/cpp/JavaScriptObject.cpp.o
  FAILED: CMakeFiles/expo-modules-core.dir/src/main/cpp/JavaScriptObject.cpp.o 
  C:\Users\maher\AppData\Local\Android\Sdk\ndk\26.1.10909125\toolchains\llvm\prebuilt\windows-x86_64\bin\clang++.exe --target=aarch64-none-linux-android23 --sysroot=C:/Users/maher/AppData/Local/Android/Sdk/ndk/26.1.10909125/toolchains/llvm/prebuilt/windows-x86_64/sysroot -Dexpo_modules_core_EXPORTS -IC:/Users/maher/.gradle/caches/8.8/transforms/f7e7d8e15b8dd6d3df49e4b533bc2e58/transformed/jetified-react-android-0.74.5-debug/prefab/modules/reactnativejni/include/react -IE:/Projet/TechWebM/App/LeafSense/Frontend/node_modules/react-native/ReactAndroid/src/main/jni/react/turbomodule -IE:/Projet/TechWebM/App/LeafSense/Frontend/node_modules/expo-modules-core/android/../common/cpp -IE:/Projet/TechWebM/App/LeafSense/Frontend/node_modules/expo-modules-core/android/src/fabric -isystem C:/Users/maher/.gradle/caches/8.8/transforms/7ae4e699c1ae69bd207be2e4a6a586df/transformed/jetified-fbjni-0.6.0/prefab/modules/fbjni/include -isystem C:/Users/maher/.gradle/caches/8.8/transforms/f7e7d8e15b8dd6d3df49e4b533bc2e58/transformed/jetified-react-android-0.74.5-debug/prefab/modules/jsi/include -isystem C:/Users/maher/.gradle/caches/8.8/transforms/f7e7d8e15b8dd6d3df49e4b533bc2e58/transformed/jetified-react-android-0.74.5-debug/prefab/modules/reactnativejni/include -isystem C:/Users/maher/.gradle/caches/8.8/transforms/f7e7d8e15b8dd6d3df49e4b533bc2e58/transformed/jetified-react-android-0.74.5-debug/prefab/modules/folly_runtime/include -isystem C:/Users/maher/.gradle/caches/8.8/transforms/f7e7d8e15b8dd6d3df49e4b533bc2e58/transformed/jetified-react-android-0.74.5-debug/prefab/modules/react_nativemodule_core/include -g -DANDROID -fdata-sections -ffunction-sections -funwind-tables -fstack-protector-strong -no-canonical-prefixes -D_FORTIFY_SOURCE=2 -Wformat -Werror=format-security   -DREACT_NATIVE_TARGET_VERSION=74 -fno-limit-debug-info  -fPIC -DFOLLY_NO_CONFIG=1 -DFOLLY_HAVE_CLOCK_GETTIME=1 -DFOLLY_USE_LIBCPP=1 -DFOLLY_CFG_NO_COROUTINES=1 -DFOLLY_MOBILE=1 -DFOLLY_HAVE_RECVMMSG=1 -DFOLLY_HAVE_PTHREAD=1 -DFOLLY_HAVE_XSI_STRERROR_R=1 -O2 -frtti -fexceptions -Wall -fstack-protector-all -DUSE_HERMES=0 -DUNIT_TEST=0 -std=gnu++20 -MD -MT CMakeFiles/expo-modules-core.dir/src/main/cpp/JavaScriptObject.cpp.o -MF CMakeFiles\expo-modules-core.dir\src\main\cpp\JavaScriptObject.cpp.o.d -o CMakeFiles/expo-modules-core.dir/src/main/cpp/JavaScriptObject.cpp.o -c E:/Projet/TechWebM/App/LeafSense/Frontend/node_modules/expo-modules-core/android/src/main/cpp/JavaScriptObject.cpp
  LLVM ERROR: out of memory
  Allocation failed
  PLEASE submit a bug report to https://github.com/android-ndk/ndk/issues and include the crash backtrace, preprocessed source, and associated run script.
  Stack dump:
  0.	Program arguments: C:\\Users\\maher\\AppData\\Local\\Android\\Sdk\\ndk\\26.1.10909125\\toolchains\\llvm\\prebuilt\\windows-x86_64\\bin\\clang++.exe --target=aarch64-none-linux-android23 --sysroot=C:/Users/maher/AppData/Local/Android/Sdk/ndk/26.1.10909125/toolchains/llvm/prebuilt/windows-x86_64/sysroot -Dexpo_modules_core_EXPORTS -IC:/Users/maher/.gradle/caches/8.8/transforms/f7e7d8e15b8dd6d3df49e4b533bc2e58/transformed/jetified-react-android-0.74.5-debug/prefab/modules/reactnativejni/include/react -IE:/Projet/TechWebM/App/LeafSense/Frontend/node_modules/react-native/ReactAndroid/src/main/jni/react/turbomodule -IE:/Projet/TechWebM/App/LeafSense/Frontend/node_modules/expo-modules-core/android/../common/cpp -IE:/Projet/TechWebM/App/LeafSense/Frontend/node_modules/expo-modules-core/android/src/fabric -isystem C:/Users/maher/.gradle/caches/8.8/transforms/7ae4e699c1ae69bd207be2e4a6a586df/transformed/jetified-fbjni-0.6.0/prefab/modules/fbjni/include -isystem C:/Users/maher/.gradle/caches/8.8/transforms/f7e7d8e15b8dd6d3df49e4b533bc2e58/transformed/jetified-react-android-0.74.5-debug/prefab/modules/jsi/include -isystem C:/Users/maher/.gradle/caches/8.8/transforms/f7e7d8e15b8dd6d3df49e4b533bc2e58/transformed/jetified-react-android-0.74.5-debug/prefab/modules/reactnativejni/include -isystem C:/Users/maher/.gradle/caches/8.8/transforms/f7e7d8e15b8dd6d3df49e4b533bc2e58/transformed/jetified-react-android-0.74.5-debug/prefab/modules/folly_runtime/include -isystem C:/Users/maher/.gradle/caches/8.8/transforms/f7e7d8e15b8dd6d3df49e4b533bc2e58/transformed/jetified-react-android-0.74.5-debug/prefab/modules/react_nativemodule_core/include -g -DANDROID -fdata-sections -ffunction-sections -funwind-tables -fstack-protector-strong -no-canonical-prefixes -D_FORTIFY_SOURCE=2 -Wformat -Werror=format-security -DREACT_NATIVE_TARGET_VERSION=74 -fno-limit-debug-info -fPIC -DFOLLY_NO_CONFIG=1 -DFOLLY_HAVE_CLOCK_GETTIME=1 -DFOLLY_USE_LIBCPP=1 -DFOLLY_CFG_NO_COROUTINES=1 -DFOLLY_MOBILE=1 -DFOLLY_HAVE_RECVMMSG=1 -DFOLLY_HAVE_PTHREAD=1 -DFOLLY_HAVE_XSI_STRERROR_R=1 -O2 -frtti -fexceptions -Wall -fstack-protector-all -DUSE_HERMES=0 -DUNIT_TEST=0 -std=gnu++20 -MD -MT CMakeFiles/expo-modules-core.dir/src/main/cpp/JavaScriptObject.cpp.o -MF CMakeFiles\\expo-modules-core.dir\\src\\main\\cpp\\JavaScriptObject.cpp.o.d -o CMakeFiles/expo-modules-core.dir/src/main/cpp/JavaScriptObject.cpp.o -c E:/Projet/TechWebM/App/LeafSense/Frontend/node_modules/expo-modules-core/android/src/main/cpp/JavaScriptObject.cpp
  1.	C:/Users/maher/.gradle/caches/8.8/transforms/f7e7d8e15b8dd6d3df49e4b533bc2e58/transformed/jetified-react-android-0.74.5-debug/prefab/modules/folly_runtime/include/folly/container/Access.h:97:1 <Spelling=C:/Users/maher/.gradle/caches/8.8/transforms/f7e7d8e15b8dd6d3df49e4b533bc2e58/transformed/jetified-react-android-0.74.5-debug/prefab/modules/folly_runtime/include/folly/functional/Invoke.h:405:3>: current parser token 'BOOST_PP_EXPR_IIF'
  2.	C:/Users/maher/.gradle/caches/8.8/transforms/f7e7d8e15b8dd6d3df49e4b533bc2e58/transformed/jetified-react-android-0.74.5-debug/prefab/modules/folly_runtime/include/folly/container/Access.h:25:1: parsing namespace 'folly'
  3.	C:/Users/maher/.gradle/caches/8.8/transforms/f7e7d8e15b8dd6d3df49e4b533bc2e58/transformed/jetified-react-android-0.74.5-debug/prefab/modules/folly_runtime/include/folly/container/Access.h:27:1: parsing namespace 'folly::access'
  4.	C:/Users/maher/.gradle/caches/8.8/transforms/f7e7d8e15b8dd6d3df49e4b533bc2e58/transformed/jetified-react-android-0.74.5-debug/prefab/modules/folly_runtime/include/folly/container/Access.h:97:1 <Spelling=C:/Users/maher/.gradle/caches/8.8/transforms/f7e7d8e15b8dd6d3df49e4b533bc2e58/transformed/jetified-react-android-0.74.5-debug/prefab/modules/folly_runtime/include/folly/functional/Invoke.h:474:3>: parsing namespace 'folly::access::end_fn__folly_detail_invoke_ns'
  Exception Code: 0xC000001D
   #0 0x00007ff6bbde6096 (C:\Users\maher\AppData\Local\Android\Sdk\ndk\26.1.10909125\toolchains\llvm\prebuilt\windows-x86_64\bin\clang++.exe+0x586096)
   #1 0x00007ff8f5b42139 (C:\WINDOWS\System32\ucrtbase.dll+0xc2139)
   #2 0x00007ff8f5b25261 (C:\WINDOWS\System32\ucrtbase.dll+0xa5261)
   #3 0x00007ff6bbdaef15 (C:\Users\maher\AppData\Local\Android\Sdk\ndk\26.1.10909125\toolchains\llvm\prebuilt\windows-x86_64\bin\clang++.exe+0x54ef15)
   #4 0x00007ff6bbdb3793 (C:\Users\maher\AppData\Local\Android\Sdk\ndk\26.1.10909125\toolchains\llvm\prebuilt\windows-x86_64\bin\clang++.exe+0x553793)
   #5 0x00007ff6bcbd7af6 (C:\Users\maher\AppData\Local\Android\Sdk\ndk\26.1.10909125\toolchains\llvm\prebuilt\windows-x86_64\bin\clang++.exe+0x1377af6)
   #6 0x00007ff6be7ba07b (C:\Users\maher\AppData\Local\Android\Sdk\ndk\26.1.10909125\toolchains\llvm\prebuilt\windows-x86_64\bin\clang++.exe+0x2f5a07b)
   #7 0x00007ff6be7b8bad (C:\Users\maher\AppData\Local\Android\Sdk\ndk\26.1.10909125\toolchains\llvm\prebuilt\windows-x86_64\bin\clang++.exe+0x2f58bad)
   #8 0x00007ff6be7b7bac (C:\Users\maher\AppData\Local\Android\Sdk\ndk\26.1.10909125\toolchains\llvm\prebuilt\windows-x86_64\bin\clang++.exe+0x2f57bac)
   #9 0x00007ff6be7bc031 (C:\Users\maher\AppData\Local\Android\Sdk\ndk\26.1.10909125\toolchains\llvm\prebuilt\windows-x86_64\bin\clang++.exe+0x2f5c031)
  #10 0x00007ff6bcfea1a2 (C:\Users\maher\AppData\Local\Android\Sdk\ndk\26.1.10909125\toolchains\llvm\prebuilt\windows-x86_64\bin\clang++.exe+0x178a1a2)
  #11 0x00007ff6bcee6d35 (C:\Users\maher\AppData\Local\Android\Sdk\ndk\26.1.10909125\toolchains\llvm\prebuilt\windows-x86_64\bin\clang++.exe+0x1686d35)
  #12 0x00007ff6be7ba394 (C:\Users\maher\AppData\Local\Android\Sdk\ndk\26.1.10909125\toolchains\llvm\prebuilt\windows-x86_64\bin\clang++.exe+0x2f5a394)
  #13 0x00007ff6bcee7169 (C:\Users\maher\AppData\Local\Android\Sdk\ndk\26.1.10909125\toolchains\llvm\prebuilt\windows-x86_64\bin\clang++.exe+0x1687169)
  #14 0x00007ff6be7ba94f (C:\Users\maher\AppData\Local\Android\Sdk\ndk\26.1.10909125\toolchains\llvm\prebuilt\windows-x86_64\bin\clang++.exe+0x2f5a94f)
  #15 0x00007ff6be7b874b (C:\Users\maher\AppData\Local\Android\Sdk\ndk\26.1.10909125\toolchains\llvm\prebuilt\windows-x86_64\bin\clang++.exe+0x2f5874b)
  #16 0x00007ff6be7b7bac (C:\Users\maher\AppData\Local\Android\Sdk\ndk\26.1.10909125\toolchains\llvm\prebuilt\windows-x86_64\bin\clang++.exe+0x2f57bac)
  #17 0x00007ff6be7bc031 (C:\Users\maher\AppData\Local\Android\Sdk\ndk\26.1.10909125\toolchains\llvm\prebuilt\windows-x86_64\bin\clang++.exe+0x2f5c031)
  #18 0x00007ff6bcfea1a2 (C:\Users\maher\AppData\Local\Android\Sdk\ndk\26.1.10909125\toolchains\llvm\prebuilt\windows-x86_64\bin\clang++.exe+0x178a1a2)
  #19 0x00007ff6bcee6d35 (C:\Users\maher\AppData\Local\Android\Sdk\ndk\26.1.10909125\toolchains\llvm\prebuilt\windows-x86_64\bin\clang++.exe+0x1686d35)
  #20 0x00007ff6be7ba394 (C:\Users\maher\AppData\Local\Android\Sdk\ndk\26.1.10909125\toolchains\llvm\prebuilt\windows-x86_64\bin\clang++.exe+0x2f5a394)
  #21 0x00007ff6bcee7169 (C:\Users\maher\AppData\Local\Android\Sdk\ndk\26.1.10909125\toolchains\llvm\prebuilt\windows-x86_64\bin\clang++.exe+0x1687169)
  #22 0x00007ff6be7ba94f (C:\Users\maher\AppData\Local\Android\Sdk\ndk\26.1.10909125\toolchains\llvm\prebuilt\windows-x86_64\bin\clang++.exe+0x2f5a94f)
  #23 0x00007ff6be7b874b (C:\Users\maher\AppData\Local\Android\Sdk\ndk\26.1.10909125\toolchains\llvm\prebuilt\windows-x86_64\bin\clang++.exe+0x2f5874b)
  #24 0x00007ff6be7b7bac (C:\Users\maher\AppData\Local\Android\Sdk\ndk\26.1.10909125\toolchains\llvm\prebuilt\windows-x86_64\bin\clang++.exe+0x2f57bac)
  #25 0x00007ff6be7bc031 (C:\Users\maher\AppData\Local\Android\Sdk\ndk\26.1.10909125\toolchains\llvm\prebuilt\windows-x86_64\bin\clang++.exe+0x2f5c031)
  #26 0x00007ff6bcfea1a2 (C:\Users\maher\AppData\Local\Android\Sdk\ndk\26.1.10909125\toolchains\llvm\prebuilt\windows-x86_64\bin\clang++.exe+0x178a1a2)
  #27 0x00007ff6bcee6d35 (C:\Users\maher\AppData\Local\Android\Sdk\ndk\26.1.10909125\toolchains\llvm\prebuilt\windows-x86_64\bin\clang++.exe+0x1686d35)
  #28 0x00007ff6be7ba394 (C:\Users\maher\AppData\Local\Android\Sdk\ndk\26.1.10909125\toolchains\llvm\prebuilt\windows-x86_64\bin\clang++.exe+0x2f5a394)
  #29 0x00007ff6bcee7169 (C:\Users\maher\AppData\Local\Android\Sdk\ndk\26.1.10909125\toolchains\llvm\prebuilt\windows-x86_64\bin\clang++.exe+0x1687169)
  #30 0x00007ff6be7ba94f (C:\Users\maher\AppData\Local\Android\Sdk\ndk\26.1.10909125\toolchains\llvm\prebuilt\windows-x86_64\bin\clang++.exe+0x2f5a94f)
  #31 0x00007ff6be7b874b (C:\Users\maher\AppData\Local\Android\Sdk\ndk\26.1.10909125\toolchains\llvm\prebuilt\windows-x86_64\bin\clang++.exe+0x2f5874b)
  #32 0x00007ff6be7b7bac (C:\Users\maher\AppData\Local\Android\Sdk\ndk\26.1.10909125\toolchains\llvm\prebuilt\windows-x86_64\bin\clang++.exe+0x2f57bac)
  #33 0x00007ff6be7bc031 (C:\Users\maher\AppData\Local\Android\Sdk\ndk\26.1.10909125\toolchains\llvm\prebuilt\windows-x86_64\bin\clang++.exe+0x2f5c031)
  #34 0x00007ff6bcfea1a2 (C:\Users\maher\AppData\Local\Android\Sdk\ndk\26.1.10909125\toolchains\llvm\prebuilt\windows-x86_64\bin\clang++.exe+0x178a1a2)
  #35 0x00007ff6bcee6d35 (C:\Users\maher\AppData\Local\Android\Sdk\ndk\26.1.10909125\toolchains\llvm\prebuilt\windows-x86_64\bin\clang++.exe+0x1686d35)
  #36 0x00007ff6be7ba394 (C:\Users\maher\AppData\Local\Android\Sdk\ndk\26.1.10909125\toolchains\llvm\prebuilt\windows-x86_64\bin\clang++.exe+0x2f5a394)
  #37 0x00007ff6bcee7169 (C:\Users\maher\AppData\Local\Android\Sdk\ndk\26.1.10909125\toolchains\llvm\prebuilt\windows-x86_64\bin\clang++.exe+0x1687169)
  #38 0x00007ff6be7ba94f (C:\Users\maher\AppData\Local\Android\Sdk\ndk\26.1.10909125\toolchains\llvm\prebuilt\windows-x86_64\bin\clang++.exe+0x2f5a94f)
  #39 0x00007ff6be7b874b (C:\Users\maher\AppData\Local\Android\Sdk\ndk\26.1.10909125\toolchains\llvm\prebuilt\windows-x86_64\bin\clang++.exe+0x2f5874b)
  #40 0x00007ff6be7b7bac (C:\Users\maher\AppData\Local\Android\Sdk\ndk\26.1.10909125\toolchains\llvm\prebuilt\windows-x86_64\bin\clang++.exe+0x2f57bac)
  #41 0x00007ff6be7bc031 (C:\Users\maher\AppData\Local\Android\Sdk\ndk\26.1.10909125\toolchains\llvm\prebuilt\windows-x86_64\bin\clang++.exe+0x2f5c031)
  #42 0x00007ff6bcfea1a2 (C:\Users\maher\AppData\Local\Android\Sdk\ndk\26.1.10909125\toolchains\llvm\prebuilt\windows-x86_64\bin\clang++.exe+0x178a1a2)
  #43 0x00007ff6bcee6d35 (C:\Users\maher\AppData\Local\Android\Sdk\ndk\26.1.10909125\toolchains\llvm\prebuilt\windows-x86_64\bin\clang++.exe+0x1686d35)
  #44 0x00007ff6be7ba394 (C:\Users\maher\AppData\Local\Android\Sdk\ndk\26.1.10909125\toolchains\llvm\prebuilt\windows-x86_64\bin\clang++.exe+0x2f5a394)
  #45 0x00007ff6bcee7169 (C:\Users\maher\AppData\Local\Android\Sdk\ndk\26.1.10909125\toolchains\llvm\prebuilt\windows-x86_64\bin\clang++.exe+0x1687169)
  #46 0x00007ff6bf731f2f (C:\Users\maher\AppData\Local\Android\Sdk\ndk\26.1.10909125\toolchains\llvm\prebuilt\windows-x86_64\bin\clang++.exe+0x3ed1f2f)
  #47 0x00007ff6bfe925b1 (C:\Users\maher\AppData\Local\Android\Sdk\ndk\26.1.10909125\toolchains\llvm\prebuilt\windows-x86_64\bin\clang++.exe+0x46325b1)
  #48 0x00007ff6bf738756 (C:\Users\maher\AppData\Local\Android\Sdk\ndk\26.1.10909125\toolchains\llvm\prebuilt\windows-x86_64\bin\clang++.exe+0x3ed8756)
  #49 0x00007ff6bf7381a9 (C:\Users\maher\AppData\Local\Android\Sdk\ndk\26.1.10909125\toolchains\llvm\prebuilt\windows-x86_64\bin\clang++.exe+0x3ed81a9)
  #50 0x00007ff6bf736ec3 (C:\Users\maher\AppData\Local\Android\Sdk\ndk\26.1.10909125\toolchains\llvm\prebuilt\windows-x86_64\bin\clang++.exe+0x3ed6ec3)
  #51 0x00007ff6bfe69d1e (C:\Users\maher\AppData\Local\Android\Sdk\ndk\26.1.10909125\toolchains\llvm\prebuilt\windows-x86_64\bin\clang++.exe+0x4609d1e)
  #52 0x00007ff6bfe69388 (C:\Users\maher\AppData\Local\Android\Sdk\ndk\26.1.10909125\toolchains\llvm\prebuilt\windows-x86_64\bin\clang++.exe+0x4609388)
  #53 0x00007ff6bfe90d24 (C:\Users\maher\AppData\Local\Android\Sdk\ndk\26.1.10909125\toolchains\llvm\prebuilt\windows-x86_64\bin\clang++.exe+0x4630d24)
  #54 0x00007ff6bf73680c (C:\Users\maher\AppData\Local\Android\Sdk\ndk\26.1.10909125\toolchains\llvm\prebuilt\windows-x86_64\bin\clang++.exe+0x3ed680c)
  #55 0x00007ff6bfe69d1e (C:\Users\maher\AppData\Local\Android\Sdk\ndk\26.1.10909125\toolchains\llvm\prebuilt\windows-x86_64\bin\clang++.exe+0x4609d1e)
  #56 0x00007ff6bfe69388 (C:\Users\maher\AppData\Local\Android\Sdk\ndk\26.1.10909125\toolchains\llvm\prebuilt\windows-x86_64\bin\clang++.exe+0x4609388)
  #57 0x00007ff6bfe90d24 (C:\Users\maher\AppData\Local\Android\Sdk\ndk\26.1.10909125\toolchains\llvm\prebuilt\windows-x86_64\bin\clang++.exe+0x4630d24)
  #58 0x00007ff6bf73680c (C:\Users\maher\AppData\Local\Android\Sdk\ndk\26.1.10909125\toolchains\llvm\prebuilt\windows-x86_64\bin\clang++.exe+0x3ed680c)
  #59 0x00007ff6bfe69d1e (C:\Users\maher\AppData\Local\Android\Sdk\ndk\26.1.10909125\toolchains\llvm\prebuilt\windows-x86_64\bin\clang++.exe+0x4609d1e)
  #60 0x00007ff6bfe69388 (C:\Users\maher\AppData\Local\Android\Sdk\ndk\26.1.10909125\toolchains\llvm\prebuilt\windows-x86_64\bin\clang++.exe+0x4609388)
  #61 0x00007ff6bfe90d24 (C:\Users\maher\AppData\Local\Android\Sdk\ndk\26.1.10909125\toolchains\llvm\prebuilt\windows-x86_64\bin\clang++.exe+0x4630d24)
  #62 0x00007ff6bf73680c (C:\Users\maher\AppData\Local\Android\Sdk\ndk\26.1.10909125\toolchains\llvm\prebuilt\windows-x86_64\bin\clang++.exe+0x3ed680c)
  #63 0x00007ff6bf734db4 (C:\Users\maher\AppData\Local\Android\Sdk\ndk\26.1.10909125\toolchains\llvm\prebuilt\windows-x86_64\bin\clang++.exe+0x3ed4db4)
  #64 0x00007ff6be89cd9e (C:\Users\maher\AppData\Local\Android\Sdk\ndk\26.1.10909125\toolchains\llvm\prebuilt\windows-x86_64\bin\clang++.exe+0x303cd9e)
  #65 0x00007ff6bcfc5264 (C:\Users\maher\AppData\Local\Android\Sdk\ndk\26.1.10909125\toolchains\llvm\prebuilt\windows-x86_64\bin\clang++.exe+0x1765264)
  #66 0x00007ff6bbf5a7a4 (C:\Users\maher\AppData\Local\Android\Sdk\ndk\26.1.10909125\toolchains\llvm\prebuilt\windows-x86_64\bin\clang++.exe+0x6fa7a4)
  #67 0x00007ff6bbfdfccf (C:\Users\maher\AppData\Local\Android\Sdk\ndk\26.1.10909125\toolchains\llvm\prebuilt\windows-x86_64\bin\clang++.exe+0x77fccf)
  #68 0x00007ff6bb868941 (C:\Users\maher\AppData\Local\Android\Sdk\ndk\26.1.10909125\toolchains\llvm\prebuilt\windows-x86_64\bin\clang++.exe+0x8941)
  #69 0x00007ff6bb865432 (C:\Users\maher\AppData\Local\Android\Sdk\ndk\26.1.10909125\toolchains\llvm\prebuilt\windows-x86_64\bin\clang++.exe+0x5432)
  #70 0x00007ff6bcd8add6 (C:\Users\maher\AppData\Local\Android\Sdk\ndk\26.1.10909125\toolchains\llvm\prebuilt\windows-x86_64\bin\clang++.exe+0x152add6)
  #71 0x00007ff6bbdad31d (C:\Users\maher\AppData\Local\Android\Sdk\ndk\26.1.10909125\toolchains\llvm\prebuilt\windows-x86_64\bin\clang++.exe+0x54d31d)
  #72 0x00007ff6bcd8a711 (C:\Users\maher\AppData\Local\Android\Sdk\ndk\26.1.10909125\toolchains\llvm\prebuilt\windows-x86_64\bin\clang++.exe+0x152a711)
  #73 0x00007ff6bbf183b6 (C:\Users\maher\AppData\Local\Android\Sdk\ndk\26.1.10909125\toolchains\llvm\prebuilt\windows-x86_64\bin\clang++.exe+0x6b83b6)
  #74 0x00007ff6bbf1862e (C:\Users\maher\AppData\Local\Android\Sdk\ndk\26.1.10909125\toolchains\llvm\prebuilt\windows-x86_64\bin\clang++.exe+0x6b862e)
  #75 0x00007ff6bbf32c9b (C:\Users\maher\AppData\Local\Android\Sdk\ndk\26.1.10909125\toolchains\llvm\prebuilt\windows-x86_64\bin\clang++.exe+0x6d2c9b)
  #76 0x00007ff6bb8646be (C:\Users\maher\AppData\Local\Android\Sdk\ndk\26.1.10909125\toolchains\llvm\prebuilt\windows-x86_64\bin\clang++.exe+0x46be)
  #77 0x00007ff6bb861395 (C:\Users\maher\AppData\Local\Android\Sdk\ndk\26.1.10909125\toolchains\llvm\prebuilt\windows-x86_64\bin\clang++.exe+0x1395)
  #78 0x00007ff6bb8614c8 (C:\Users\maher\AppData\Local\Android\Sdk\ndk\26.1.10909125\toolchains\llvm\prebuilt\windows-x86_64\bin\clang++.exe+0x14c8)
  #79 0x00007ff8f618e957 (C:\WINDOWS\System32\KERNEL32.DLL+0x2e957)
  #80 0x00007ff8f842ad6c (C:\WINDOWS\SYSTEM32\ntdll.dll+0xaad6c)
  clang++: error: clang frontend command failed due to signal (use -v to see invocation)
  Android (10552028, based on r487747d) clang version 17.0.2 (https://android.googlesource.com/toolchain/llvm-project d9f89f4d16663d5012e5c09495f3b30ece3d2362)
  Target: aarch64-none-linux-android23
  Thread model: posix
  InstalledDir: C:/Users/maher/AppData/Local/Android/Sdk/ndk/26.1.10909125/toolchains/llvm/prebuilt/windows-x86_64/bin
  clang++: note: diagnostic msg: 
  ********************
  
  PLEASE ATTACH THE FOLLOWING FILES TO THE BUG REPORT:
  Preprocessed source(s) and associated run script(s) are located at:
  clang++: note: diagnostic msg: C:/Users/maher/AppData/Local/Temp/JavaScriptObject-a0a39a.cpp
  clang++: note: diagnostic msg: C:/Users/maher/AppData/Local/Temp/JavaScriptObject-a0a39a.sh
  clang++: note: diagnostic msg: 
  
  ********************
  [10/16] Building CXX object CMakeFiles/expo-modules-core.dir/src/main/cpp/types/AnyType.cpp.o
  [11/16] Building CXX object CMakeFiles/expo-modules-core.dir/src/main/cpp/Exceptions.cpp.o
  [12/16] Building CXX object CMakeFiles/expo-modules-core.dir/src/main/cpp/JavaScriptFunction.cpp.o
  [13/16] Building CXX object CMakeFiles/expo-modules-core.dir/src/main/cpp/types/FrontendConverter.cpp.o
  [14/16] Building CXX object CMakeFiles/expo-modules-core.dir/src/main/cpp/JavaCallback.cpp.o
  ninja: build stopped: subcommand failed.
  
  C++ build system [build] failed while executing:
      @echo off
      "C:\\Users\\maher\\AppData\\Local\\Android\\Sdk\\cmake\\3.22.1\\bin\\ninja.exe" ^
        -C ^
        "E:\\Projet\\TechWebM\\App\\LeafSense\\Frontend\\node_modules\\expo-modules-core\\android\\.cxx\\Debug\\54452c5j\\arm64-v8a" ^
        expo-modules-core
    from E:\Projet\TechWebM\App\LeafSense\Frontend\node_modules\expo-modules-core\android

* Try:
> Run with --stacktrace option to get the stack trace.
> Run with --info or --debug option to get more log output.
> Run with --scan to get full insights.
> Get more help at https://help.gradle.org.

BUILD FAILED in 2m 30s
376 actionable tasks: 32 executed, 344 up-to-date
Error: E:\Projet\TechWebM\App\LeafSense\Frontend\android\gradlew.bat app:assembleDebug -x lint -x test --configure-on-demand -PreactNativeDevServerPort=8081 -PreactNativeArchitectures=arm64-v8a,armeabi-v7a exited with non-zero code: 1
Error: E:\Projet\TechWebM\App\LeafSense\Frontend\android\gradlew.bat app:assembleDebug -x lint -x test --configure-on-demand -PreactNativeDevServerPort=8081 -PreactNativeArchitectures=arm64-v8a,armeabi-v7a exited with non-zero code: 1
    at ChildProcess.completionListener (E:\Projet\TechWebM\App\LeafSense\Frontend\node_modules\@expo\spawn-async\build\spawnAsync.js:113:23)
    at Object.onceWrapper (node:events:634:26)
    at ChildProcess.emit (node:events:519:28)
    at cp.emit (E:\Projet\TechWebM\App\LeafSense\Frontend\node_modules\cross-spawn\lib\enoent.js:34:29)
    at ChildProcess._handle.onexit (node:internal/child_process:294:12)
    ...
    at spawnAsync (E:\Projet\TechWebM\App\LeafSense\Frontend\node_modules\@expo\spawn-async\build\spawnAsync.js:9:23)
    at spawnGradleAsync (E:\Projet\TechWebM\App\LeafSense\Frontend\node_modules\@expo\cli\build\src\start\platforms\android\gradle.js:96:48)
    at assembleAsync (E:\Projet\TechWebM\App\LeafSense\Frontend\node_modules\@expo\cli\build\src\start\platforms\android\gradle.js:74:18)
    at runAndroidAsync (E:\Projet\TechWebM\App\LeafSense\Frontend\node_modules\@expo\cli\build\src\run\android\runAndroidAsync.js:45:37)
